SYMBOL,SUM_RANK,TIME
NOT_INVEST,3161178.0,2024
AAA,2289187.0,2024
AAM,2365172.0,2024
ABR,2459628.0,2024
ABS,2340682.0,2024
ABT,2395035.0,2024
ACC,1403151.0,2024
ACG,1736656.0,2024
ACL,1723852.0,2024
ADG,2370045.0,2024
ADP,1394757.0,2024
ADS,1668358.0,2024
AGG,1195104.0,2024
AGM,787877.0,2024
ANV,1363661.0,2024
APC,2356174.0,2024
APH,2472523.0,2024
ASG,1856782.0,2024
ASM,1720962.0,2024
ASP,1163690.0,2024
AST,1214381.0,2024
BAF,730464.0,2024
BBC,2447729.0,2024
BCE,1969984.0,2024
BCG,1685068.0,2024
BCM,1204813.0,2024
BFC,1255704.0,2024
BHN,1650182.0,2024
BKG,2794353.0,2024
BMC,1918435.0,2024
BMP,1225863.0,2024
BRC,2001013.0,2024
BTP,2345895.0,2024
BTT,1993122.0,2024
BWE,1165173.0,2024
C32,2616773.0,2024
C47,1083093.0,2024
CAV,1110163.0,2024
CCI,1336184.0,2024
CCL,1827724.0,2024
CDC,890669.0,2024
CHP,1208541.0,2024
CIG,1556135.0,2024
CII,1183930.0,2024
CLC,1513420.0,2024
CLL,1460319.0,2024
CLW,1090526.0,2024
CMV,1868040.0,2024
CMX,1858951.0,2024
CNG,1322944.0,2024
COM,1974274.0,2024
CRC,2169489.0,2024
CRE,2097354.0,2024
CSM,1264022.0,2024
CSV,1411532.0,2024
CTD,1722682.0,2024
CTF,890647.0,2024
CTI,1106448.0,2024
CTR,1021216.0,2024
CVT,822645.0,2024
D2D,1569862.0,2024
DAH,2640408.0,2024
DAT,2047646.0,2024
DBC,1088496.0,2024
DBD,1202373.0,2024
DBT,1681178.0,2024
DC4,1696263.0,2024
DCL,1509437.0,2024
DCM,1363873.0,2024
DGC,1148159.0,2024
DGW,885913.0,2024
DHA,1568114.0,2024
DHC,1379586.0,2024
DHG,1278188.0,2024
DHM,1900768.0,2024
DIG,1082456.0,2024
DLG,623502.0,2024
DMC,1615615.0,2024
DPG,921149.0,2024
DPM,1970110.0,2024
DPR,1842739.0,2024
DQC,2301521.0,2024
DRC,1162980.0,2024
DRL,1062276.0,2024
DSN,1549501.0,2024
DTA,1729220.0,2024
DTL,1243318.0,2024
DTT,1638792.0,2024
DVP,1537107.0,2024
DXG,1503185.0,2024
DXS,2073313.0,2024
DXV,2196250.0,2024
ELC,1469828.0,2024
EVE,2209916.0,2024
EVG,2177069.0,2024
FCM,2294227.0,2024
FCN,1561347.0,2024
FDC,1814872.0,2024
FIR,2012328.0,2024
FIT,2650513.0,2024
FMC,1499484.0,2024
FPT,1103449.0,2024
FRT,836155.0,2024
GAS,1208197.0,2024
GDT,1503957.0,2024
GEG,1148612.0,2024
GEX,1500180.0,2024
GIL,1676619.0,2024
GMC,2191554.0,2024
GMD,1416004.0,2024
GMH,2070797.0,2024
GSP,1602434.0,2024
GTA,2162804.0,2024
GVR,1369654.0,2024
HAG,1095493.0,2024
HAH,1403535.0,2024
HAP,2595179.0,2024
HAR,3059433.0,2024
HAS,2458095.0,2024
HAX,1958765.0,2024
HBC,432936.0,2024
HCD,1783484.0,2024
HDC,1248125.0,2024
HDG,1530024.0,2024
HHP,1417764.0,2024
HHS,2795642.0,2024
HHV,906785.0,2024
HII,2430233.0,2024
HMC,1817219.0,2024
HNA,1598825.0,2024
HNG,703961.0,2024
HPG,1453200.0,2024
HPX,1944835.0,2024
HQC,2244490.0,2024
HRC,1293299.0,2024
HSG,1480112.0,2024
HSL,2413106.0,2024
HT1,1833201.0,2024
HTG,1145220.0,2024
HTI,1151482.0,2024
HTL,1908816.0,2024
HTN,1606534.0,2024
HTV,2393093.0,2024
HU1,2020322.0,2024
HUB,2335993.0,2024
HVH,2524073.0,2024
HVN,539101.0,2024
HVX,2337871.0,2024
ICT,2261563.0,2024
IDI,1830823.0,2024
IJC,1977361.0,2024
ILB,975737.0,2024
IMP,1380273.0,2024
ITC,2375391.0,2024
JVC,2047847.0,2024
KBC,1597459.0,2024
KDC,1264746.0,2024
KDH,1123927.0,2024
KHG,1959491.0,2024
KHP,1130870.0,2024
KMR,2250167.0,2024
KOS,882851.0,2024
KPF,2725198.0,2024
KSB,1596152.0,2024
L10,794630.0,2024
LAF,1836455.0,2024
LBM,1646600.0,2024
LCG,1549303.0,2024
LGC,753716.0,2024
LHG,1809280.0,2024
LIX,1320893.0,2024
LM8,1730321.0,2024
MCP,1409968.0,2024
MDG,1470073.0,2024
MHC,2211006.0,2024
MSH,1213789.0,2024
MSN,1044764.0,2024
MWG,962054.0,2024
NAF,1879237.0,2024
NAV,1863030.0,2024
NBB,763567.0,2024
NCT,1117982.0,2024
NHA,1246722.0,2024
NHH,2029068.0,2024
NHT,2217644.0,2024
NKG,1373745.0,2024
NLG,1416514.0,2024
NNC,2188001.0,2024
NO1,2383973.0,2024
NSC,2080386.0,2024
NT2,1452248.0,2024
NTL,1447600.0,2024
NVL,902642.0,2024
NVT,1254034.0,2024
OGC,1470015.0,2024
OPC,1489288.0,2024
PAC,1317751.0,2024
PAN,2282746.0,2024
PC1,1227214.0,2024
PDN,1111193.0,2024
PDR,1056909.0,2024
PET,1384394.0,2024
PGC,1886441.0,2024
PGD,1074980.0,2024
PGV,855324.0,2024
PHC,1928880.0,2024
PHR,1421566.0,2024
PIT,1681836.0,2024
PJT,2001372.0,2024
PLP,2207345.0,2024
PLX,1455626.0,2024
PMG,2191661.0,2024
PNC,1793624.0,2024
PNJ,1086990.0,2024
POW,1741361.0,2024
PPC,2303687.0,2024
PSH,1040568.0,2024
PTB,1625244.0,2024
PTC,1864826.0,2024
PTL,2171470.0,2024
PVD,1570308.0,2024
PVP,1925053.0,2024
PVT,1497145.0,2024
QCG,1941941.0,2024
QNP,1418484.0,2024
RAL,1602701.0,2024
REE,1866255.0,2024
S4A,1094543.0,2024
SAB,1406108.0,2024
SAM,2824892.0,2024
SAV,2267288.0,2024
SBA,1469401.0,2024
SBG,1452846.0,2024
SC5,1061400.0,2024
SCD,781494.0,2024
SCR,1969914.0,2024
SCS,1205774.0,2024
SFC,1946191.0,2024
SFG,1798750.0,2024
SFI,2355739.0,2024
SGN,1285687.0,2024
SGR,1343394.0,2024
SGT,1081939.0,2024
SHA,1933345.0,2024
SHI,1127615.0,2024
SHP,1323261.0,2024
SIP,1011603.0,2024
SJD,1705760.0,2024
SJS,905033.0,2024
SKG,1862757.0,2024
SMA,1331506.0,2024
SMB,1626142.0,2024
SMC,827497.0,2024
SPM,2261503.0,2024
SRC,1243022.0,2024
SSC,1957400.0,2024
ST8,1827163.0,2024
STG,1492040.0,2024
STK,1142340.0,2024
SVC,1607070.0,2024
SVD,2096773.0,2024
SVI,1768462.0,2024
SVT,2638693.0,2024
SZC,1021778.0,2024
SZL,1334800.0,2024
TBC,1674171.0,2024
TCD,1874162.0,2024
TCL,1532412.0,2024
TCM,1279216.0,2024
TCO,1812242.0,2024
TCR,1980069.0,2024
TCT,1790840.0,2024
TDG,1950267.0,2024
TDH,1393635.0,2024
TDM,1508442.0,2024
TDP,961056.0,2024
TDW,1545198.0,2024
TEG,2190132.0,2024
THG,1380027.0,2024
TIP,2074327.0,2024
TIX,2067465.0,2024
TLD,2202104.0,2024
TLG,1532034.0,2024
TLH,1862705.0,2024
TMP,1176662.0,2024
TMS,1588940.0,2024
TN1,1732064.0,2024
TNC,1204976.0,2024
TNH,1810712.0,2024
TNI,2459124.0,2024
TNT,1011827.0,2024
TPC,2310737.0,2024
TRA,1396605.0,2024
TRC,2342079.0,2024
TSC,2822158.0,2024
TTA,1413938.0,2024
TTF,678248.0,2024
TV2,1297792.0,2024
TVT,1980138.0,2024
TYA,1992413.0,2024
UIC,2195481.0,2024
VAF,1789483.0,2024
VCA,1826542.0,2024
VCF,1134808.0,2024
VCG,1101583.0,2024
VDP,1851874.0,2024
VFG,1357525.0,2024
VGC,1172339.0,2024
VHC,1393671.0,2024
VHM,1741760.0,2024
VIC,1183783.0,2024
VID,2600190.0,2024
VIP,2376309.0,2024
VJC,584914.0,2024
VNG,1229235.0,2024
VNL,2039854.0,2024
VNM,1224417.0,2024
VNS,2064724.0,2024
VOS,1646560.0,2024
VPD,1530975.0,2024
VPG,942767.0,2024
VPI,1045821.0,2024
VPS,1979328.0,2024
VRC,2227194.0,2024
VRE,1971480.0,2024
VSC,1876842.0,2024
VSH,986614.0,2024
VSI,1441952.0,2024
VTB,2393938.0,2024
VTO,1820796.0,2024
VTP,863402.0,2024
YEG,1983452.0,2024
NOT_INVEST,3094254.0,2023
AAA,2368847.0,2023
AAM,2314158.0,2023
AAT,2665725.0,2023
ABR,2496620.0,2023
ABT,2210543.0,2023
ACC,1340692.0,2023
ACG,1559584.0,2023
ACL,1820640.0,2023
ADG,1438676.0,2023
ADS,1411977.0,2023
AGG,731614.0,2023
ANV,1364112.0,2023
APC,2076331.0,2023
APH,2402107.0,2023
ASG,1713782.0,2023
ASM,2113023.0,2023
ASP,1613831.0,2023
AST,1075512.0,2023
BAF,1075537.0,2023
BBC,2456100.0,2023
BCE,1820795.0,2023
BCG,1091236.0,2023
BCM,1034482.0,2023
BFC,1526013.0,2023
BHN,1462428.0,2023
BKG,2663889.0,2023
BMC,2066342.0,2023
BMP,1441257.0,2023
BRC,2079683.0,2023
BTP,2282087.0,2023
BTT,1852346.0,2023
BWE,1085493.0,2023
C32,2502503.0,2023
C47,792727.0,2023
CAV,1210605.0,2023
CCI,1181457.0,2023
CCL,1964138.0,2023
CHP,1201416.0,2023
CIG,1734146.0,2023
CII,1300741.0,2023
CKG,891215.0,2023
CLC,1509741.0,2023
CLL,1604655.0,2023
CLW,1194956.0,2023
CMV,1866978.0,2023
CMX,1880357.0,2023
CNG,1460454.0,2023
COM,1721703.0,2023
CRC,2103391.0,2023
CRE,2174130.0,2023
CSM,1198387.0,2023
CSV,2023062.0,2023
CTD,2096417.0,2023
CTF,912018.0,2023
CTI,1109793.0,2023
CTR,1029663.0,2023
CVT,733530.0,2023
D2D,1871146.0,2023
DAG,1635006.0,2023
DAH,2370693.0,2023
DAT,1884918.0,2023
DBC,1458292.0,2023
DBD,1239374.0,2023
DBT,1633529.0,2023
DCL,1424557.0,2023
DCM,1732443.0,2023
DGC,1548049.0,2023
DGW,1064411.0,2023
DHA,1662803.0,2023
DHC,1282668.0,2023
DHG,1246905.0,2023
DHM,1837262.0,2023
DIG,1246266.0,2023
DLG,779058.0,2023
DMC,1791915.0,2023
DPG,1015539.0,2023
DPM,2175866.0,2023
DPR,2122810.0,2023
DQC,2149503.0,2023
DRC,1384985.0,2023
DRH,2399110.0,2023
DRL,1039424.0,2023
DSN,1262984.0,2023
DTA,1079299.0,2023
DTL,995793.0,2023
DTT,1936708.0,2023
DVP,1717784.0,2023
DXG,1699412.0,2023
DXS,2235284.0,2023
DXV,2229458.0,2023
ELC,2112217.0,2023
EMC,1222976.0,2023
EVE,2081867.0,2023
FCM,2442839.0,2023
FCN,1747393.0,2023
FDC,1408571.0,2023
FIR,1116863.0,2023
FIT,2846838.0,2023
FMC,1514868.0,2023
FPT,1134344.0,2023
FRT,870134.0,2023
GAS,1124024.0,2023
GDT,1216500.0,2023
GEG,1082789.0,2023
GEX,1834494.0,2023
GIL,2077043.0,2023
GMC,1883535.0,2023
GMD,1400005.0,2023
GMH,1996110.0,2023
GSP,1459988.0,2023
GTA,1929295.0,2023
GVR,1760056.0,2023
HAG,856645.0,2023
HAH,1744628.0,2023
HAP,2662530.0,2023
HAR,3048175.0,2023
HAS,2426826.0,2023
HAX,1595178.0,2023
HCD,2092748.0,2023
HDC,1203703.0,2023
HDG,1407571.0,2023
HHP,1227957.0,2023
HHS,3055290.0,2023
HHV,952213.0,2023
HII,2073761.0,2023
HMC,1737183.0,2023
HNG,860420.0,2023
HOT,997815.0,2023
HPG,1531108.0,2023
HQC,2297748.0,2023
HRC,1166394.0,2023
HSG,1732529.0,2023
HSL,2427403.0,2023
HT1,1624559.0,2023
HTI,1039579.0,2023
HTL,1659778.0,2023
HTV,2328879.0,2023
HU1,2043794.0,2023
HU3,2328542.0,2023
HUB,2574019.0,2023
HVH,2437359.0,2023
HVX,2414204.0,2023
ICT,1854312.0,2023
IDI,1906815.0,2023
IJC,1764122.0,2023
ILB,915484.0,2023
IMP,1478710.0,2023
ITA,2595304.0,2023
ITC,2466542.0,2023
JVC,2077971.0,2023
KBC,1371391.0,2023
KDC,1289184.0,2023
KDH,1023474.0,2023
KHG,2021266.0,2023
KHP,1070077.0,2023
KOS,871544.0,2023
KSB,1483614.0,2023
L10,934649.0,2023
LAF,1668461.0,2023
LBM,1525163.0,2023
LCG,1653268.0,2023
LEC,2446082.0,2023
LGC,897000.0,2023
LGL,2352103.0,2023
LHG,2053977.0,2023
LIX,1509216.0,2023
LM8,1849817.0,2023
LSS,2336135.0,2023
MCG,1239189.0,2023
MCP,1587538.0,2023
MDG,1762779.0,2023
MHC,1912608.0,2023
MSH,1282102.0,2023
MSN,1063364.0,2023
MWG,1052929.0,2023
NAF,1957430.0,2023
NAV,1693955.0,2023
NBB,823534.0,2023
NCT,1091884.0,2023
NHA,1450300.0,2023
NHH,1853465.0,2023
NHT,2125332.0,2023
NKG,1549569.0,2023
NLG,1570196.0,2023
NNC,1855237.0,2023
NO1,2288134.0,2023
NSC,1886293.0,2023
NT2,1272605.0,2023
NTL,1658077.0,2023
NVT,1148699.0,2023
OPC,1389226.0,2023
PAC,1266718.0,2023
PAN,2479255.0,2023
PC1,1149388.0,2023
PDN,1114101.0,2023
PDR,1434084.0,2023
PET,1388615.0,2023
PGC,1549958.0,2023
PGD,1155550.0,2023
PGV,879897.0,2023
PHC,1971835.0,2023
PHR,1475566.0,2023
PIT,2105974.0,2023
PJT,1831907.0,2023
PLP,2215094.0,2023
PLX,1390061.0,2023
PMG,1937632.0,2023
PNC,1586476.0,2023
PNJ,1056836.0,2023
POW,1607044.0,2023
PPC,2197388.0,2023
PSH,1000706.0,2023
PTB,1717717.0,2023
PTC,1544208.0,2023
PTL,2073383.0,2023
PVD,1710164.0,2023
PVP,1840931.0,2023
PVT,1615588.0,2023
QBS,2291089.0,2023
QCG,2331394.0,2023
RAL,1682987.0,2023
RDP,1190241.0,2023
REE,1714397.0,2023
S4A,1170655.0,2023
SAB,1123503.0,2023
SAM,2665920.0,2023
SAV,2399212.0,2023
SBA,1430813.0,2023
SBV,2347260.0,2023
SC5,927911.0,2023
SCD,991717.0,2023
SCR,2059301.0,2023
SCS,1239711.0,2023
SFC,1966900.0,2023
SFG,1970565.0,2023
SFI,2301330.0,2023
SGN,1115791.0,2023
SGR,1421524.0,2023
SGT,1489167.0,2023
SHA,1931315.0,2023
SHI,1025491.0,2023
SHP,1353654.0,2023
SII,1809780.0,2023
SJD,1671257.0,2023
SJF,2440996.0,2023
SJS,1090775.0,2023
SKG,1750275.0,2023
SMA,2009640.0,2023
SMB,1483539.0,2023
SMC,1214015.0,2023
SPM,2318434.0,2023
SRC,1324460.0,2023
SRF,1028089.0,2023
SSC,1863529.0,2023
ST8,1540084.0,2023
STG,1357239.0,2023
STK,1495374.0,2023
SVC,1944884.0,2023
SVD,2175800.0,2023
SVI,1599250.0,2023
SVT,2555487.0,2023
SZC,1020695.0,2023
SZL,1263269.0,2023
TBC,1710963.0,2023
TCD,1768139.0,2023
TCL,1410325.0,2023
TCM,1195789.0,2023
TCO,2167258.0,2023
TCR,2087777.0,2023
TCT,1591448.0,2023
TDC,1096237.0,2023
TDG,2036193.0,2023
TDH,1792562.0,2023
TDM,1583122.0,2023
TDP,787840.0,2023
TDW,1415027.0,2023
TEG,2507844.0,2023
THG,1169804.0,2023
THI,1851885.0,2023
TIP,2235982.0,2023
TIX,1945048.0,2023
TLD,2322845.0,2023
TLG,1305383.0,2023
TLH,2185448.0,2023
TMP,1359495.0,2023
TMS,1842175.0,2023
TMT,829198.0,2023
TN1,1378230.0,2023
TNA,1946499.0,2023
TNC,1084812.0,2023
TNH,1448471.0,2023
TNI,2507350.0,2023
TNT,2301782.0,2023
TPC,2212401.0,2023
TRA,1233077.0,2023
TRC,2425036.0,2023
TSC,2903708.0,2023
TTA,1316399.0,2023
TTF,703439.0,2023
TV2,1591309.0,2023
TVT,1754705.0,2023
TYA,1678002.0,2023
UDC,1784707.0,2023
UIC,2118684.0,2023
VAF,1853727.0,2023
VCA,1512951.0,2023
VCF,1009165.0,2023
VCG,990010.0,2023
VDP,1619107.0,2023
VFG,1534356.0,2023
VGC,1337872.0,2023
VHC,1568430.0,2023
VHM,1434840.0,2023
VIC,1003140.0,2023
VID,2609659.0,2023
VIP,2315852.0,2023
VMD,1289274.0,2023
VNE,1311630.0,2023
VNG,1343474.0,2023
VNL,1932405.0,2023
VNM,1129825.0,2023
VNS,1880371.0,2023
VOS,1741635.0,2023
VPD,1321862.0,2023
VPG,1009238.0,2023
VPH,2212124.0,2023
VPI,1017150.0,2023
VPS,1944081.0,2023
VRC,2431837.0,2023
VRE,1599972.0,2023
VSC,1664993.0,2023
VSH,1067325.0,2023
VSI,1391862.0,2023
VTB,2087247.0,2023
VTO,1810278.0,2023
YBM,1960376.0,2023
YEG,2468916.0,2023
NOT_INVEST,3672691.0,2022
AAA,2472410.0,2022
AAM,2742940.0,2022
AAT,2164956.0,2022
ABR,2196075.0,2022
ABS,1802587.0,2022
ABT,2672301.0,2022
ACC,909831.0,2022
ACL,1620244.0,2022
ADG,1503068.0,2022
ADS,1234568.0,2022
AGG,822310.0,2022
AGM,1043349.0,2022
AMD,2925576.0,2022
ANV,1469848.0,2022
APC,2212273.0,2022
APH,2098589.0,2022
ASG,2372686.0,2022
ASM,1849181.0,2022
ASP,1586503.0,2022
AST,1258180.0,2022
BAF,1157697.0,2022
BBC,2295430.0,2022
BCE,1850735.0,2022
BCG,805689.0,2022
BCM,1433854.0,2022
BFC,1545426.0,2022
BHN,1706859.0,2022
BKG,2866412.0,2022
BMC,2159930.0,2022
BMP,1769603.0,2022
BRC,2496983.0,2022
BTP,2774876.0,2022
BTT,1978798.0,2022
BWE,1277356.0,2022
C32,2910658.0,2022
C47,644688.0,2022
CAV,1289674.0,2022
CCI,1587203.0,2022
CCL,2096549.0,2022
CDC,1974098.0,2022
CEE,1219707.0,2022
CHP,1567842.0,2022
CIG,1045198.0,2022
CII,1234555.0,2022
CKG,908645.0,2022
CLC,2096965.0,2022
CLL,2185798.0,2022
CLW,1501935.0,2022
CMG,1306049.0,2022
CMV,2121870.0,2022
CMX,1690990.0,2022
CNG,1622733.0,2022
COM,1850238.0,2022
CRC,2162228.0,2022
CRE,1530125.0,2022
CSM,1492854.0,2022
CSV,1698595.0,2022
CTD,2590035.0,2022
CTF,1312225.0,2022
CTI,1129885.0,2022
CTR,1215114.0,2022
CVT,808761.0,2022
D2D,2028906.0,2022
DAG,1565290.0,2022
DAH,2417854.0,2022
DAT,1988492.0,2022
DBC,1605866.0,2022
DBD,1498483.0,2022
DBT,1890999.0,2022
DC4,1573887.0,2022
DCL,1463197.0,2022
DCM,1489929.0,2022
DGC,1283885.0,2022
DGW,951566.0,2022
DHA,2119088.0,2022
DHC,1474996.0,2022
DHG,1511118.0,2022
DHM,2602875.0,2022
DIG,1104314.0,2022
DLG,1364132.0,2022
DMC,2197908.0,2022
DPG,877992.0,2022
DPM,1882622.0,2022
DPR,2408024.0,2022
DQC,2173295.0,2022
DRC,1598053.0,2022
DRH,2311780.0,2022
DRL,1347708.0,2022
DSN,1447139.0,2022
DTA,921326.0,2022
DTL,1357390.0,2022
DTT,2438617.0,2022
DVP,2388086.0,2022
DXG,1555648.0,2022
DXS,1974860.0,2022
DXV,2567789.0,2022
ELC,2368082.0,2022
EMC,1173911.0,2022
EVE,2649734.0,2022
EVG,1819090.0,2022
FCM,2581098.0,2022
FCN,1445964.0,2022
FDC,1804916.0,2022
FIR,1562228.0,2022
FIT,3219457.0,2022
FLC,1824422.0,2022
FMC,1564993.0,2022
FPT,1317298.0,2022
FRT,871420.0,2022
FTM,476468.0,2022
GAB,1152389.0,2022
GAS,1350246.0,2022
GDT,1388870.0,2022
GEG,1067164.0,2022
GEX,1381704.0,2022
GIL,1486493.0,2022
GMC,2217444.0,2022
GMD,1851084.0,2022
GMH,2096578.0,2022
GSP,1744296.0,2022
GTA,2373674.0,2022
GVR,1714637.0,2022
HAG,908989.0,2022
HAH,1510474.0,2022
HAI,2591375.0,2022
HAP,2108489.0,2022
HAR,3237023.0,2022
HAS,2909423.0,2022
HAX,1538256.0,2022
HBC,1386210.0,2022
HCD,2203382.0,2022
HDC,1075847.0,2022
HDG,1373566.0,2022
HHP,2329901.0,2022
HHS,3299172.0,2022
HHV,1129870.0,2022
HID,2026847.0,2022
HII,2172809.0,2022
HMC,2244988.0,2022
HNG,1273898.0,2022
HOT,1205491.0,2022
HPG,1788811.0,2022
HPX,1239726.0,2022
HQC,2484300.0,2022
HRC,1596434.0,2022
HSG,1809474.0,2022
HSL,2728434.0,2022
HT1,2055811.0,2022
HTI,1301400.0,2022
HTL,1994661.0,2022
HTN,1233425.0,2022
HTV,2726232.0,2022
HU1,2079586.0,2022
HU3,2609230.0,2022
HUB,2165959.0,2022
HVH,2659006.0,2022
HVN,631557.0,2022
HVX,2588612.0,2022
IBC,1446718.0,2022
ICT,1921909.0,2022
IDI,1676997.0,2022
IJC,1626097.0,2022
ILB,1072617.0,2022
IMP,1541585.0,2022
ITA,2610581.0,2022
ITC,2659393.0,2022
ITD,2680547.0,2022
JVC,1470158.0,2022
KBC,1397037.0,2022
KDC,1932388.0,2022
KDH,1338686.0,2022
KHG,1845311.0,2022
KHP,1227090.0,2022
KMR,2284025.0,2022
KOS,1162066.0,2022
KSB,1627735.0,2022
L10,960245.0,2022
LAF,2200812.0,2022
LBM,1842892.0,2022
LCG,1738961.0,2022
LCM,2912356.0,2022
LDG,1438134.0,2022
LEC,2601982.0,2022
LGC,1200645.0,2022
LGL,2509527.0,2022
LHG,1996769.0,2022
LIX,1916196.0,2022
LM8,2049119.0,2022
LSS,2646462.0,2022
MCG,1460705.0,2022
MCP,1831845.0,2022
MDG,2231739.0,2022
MHC,1251583.0,2022
MSH,1281041.0,2022
MSN,1214819.0,2022
MWG,1090513.0,2022
NAF,2235135.0,2022
NAV,1891735.0,2022
NBB,1764672.0,2022
NCT,1475280.0,2022
NHA,1148891.0,2022
NHH,1159049.0,2022
NHT,2022908.0,2022
NKG,1752952.0,2022
NLG,1811932.0,2022
NNC,2169509.0,2022
NSC,2429429.0,2022
NT2,2085427.0,2022
NTL,1799708.0,2022
NVL,759802.0,2022
NVT,1058943.0,2022
OPC,1804718.0,2022
PAC,1637162.0,2022
PAN,2420674.0,2022
PC1,1273953.0,2022
PDN,1651870.0,2022
PDR,1103328.0,2022
PET,1307199.0,2022
PGC,2070533.0,2022
PGD,1526745.0,2022
PGV,921377.0,2022
PHC,2088379.0,2022
PHR,1452698.0,2022
PIT,1848406.0,2022
PJT,2182041.0,2022
PLP,1796573.0,2022
PLX,1717370.0,2022
PMG,2201936.0,2022
PNC,2011116.0,2022
PNJ,1181225.0,2022
POM,1378429.0,2022
POW,2319536.0,2022
PPC,2549855.0,2022
PSH,1178715.0,2022
PTB,1471666.0,2022
PTC,1953886.0,2022
PTL,2055228.0,2022
PVD,2350478.0,2022
PVT,2048940.0,2022
PXI,1895196.0,2022
PXS,1523052.0,2022
QBS,2128849.0,2022
QCG,2389751.0,2022
RAL,1839809.0,2022
RDP,869846.0,2022
REE,2096453.0,2022
RIC,1926031.0,2022
ROS,2881214.0,2022
S4A,1488511.0,2022
SAB,1433081.0,2022
SAM,2311476.0,2022
SAV,2520644.0,2022
SBA,2057635.0,2022
SBT,1668731.0,2022
SBV,2814376.0,2022
SC5,1320618.0,2022
SCD,1271830.0,2022
SCR,1883434.0,2022
SCS,1447132.0,2022
SFC,2534730.0,2022
SFG,1750281.0,2022
SFI,2372605.0,2022
SGN,1430710.0,2022
SGR,1319056.0,2022
SGT,1453648.0,2022
SHA,2233759.0,2022
SHI,1141264.0,2022
SHP,1797051.0,2022
SII,2475532.0,2022
SJD,2046622.0,2022
SJF,2075061.0,2022
SJS,1037108.0,2022
SKG,2075438.0,2022
SMA,1946742.0,2022
SMB,2093415.0,2022
SMC,1986196.0,2022
SPM,2560471.0,2022
SRC,1920946.0,2022
SRF,1929356.0,2022
SSC,2478861.0,2022
ST8,2836403.0,2022
STG,2348860.0,2022
STK,1445227.0,2022
SVC,2173969.0,2022
SVD,1526893.0,2022
SVI,2019988.0,2022
SVT,2981665.0,2022
SZC,1119333.0,2022
SZL,1560632.0,2022
TAC,1012937.0,2022
TBC,2283388.0,2022
TCD,976426.0,2022
TCL,1957290.0,2022
TCM,1350147.0,2022
TCO,2228907.0,2022
TCR,2293470.0,2022
TCT,1720763.0,2022
TDC,1040978.0,2022
TDG,2095596.0,2022
TDH,1243060.0,2022
TDM,2132882.0,2022
TDP,1004240.0,2022
TDW,1794103.0,2022
TEG,2813287.0,2022
TGG,2178335.0,2022
THG,1248304.0,2022
THI,2165743.0,2022
TIP,2124053.0,2022
TIX,2687205.0,2022
TLD,2492448.0,2022
TLG,1907481.0,2022
TLH,2471199.0,2022
TMP,1566027.0,2022
TMS,1698409.0,2022
TMT,1303886.0,2022
TN1,2277388.0,2022
TNA,1927771.0,2022
TNC,1695885.0,2022
TNH,1528738.0,2022
TNI,2466483.0,2022
TNT,1892130.0,2022
TPC,2492353.0,2022
TRA,1603766.0,2022
TRC,2774464.0,2022
TSC,2916201.0,2022
TTA,1425383.0,2022
TTB,2297656.0,2022
TTE,1217326.0,2022
TTF,1006602.0,2022
TV2,1592395.0,2022
TVT,2548740.0,2022
TYA,1918427.0,2022
UDC,1623838.0,2022
UIC,2482748.0,2022
VAF,2170169.0,2022
VCA,1928410.0,2022
VCF,1282198.0,2022
VCG,978616.0,2022
VDP,2534120.0,2022
VFG,1794567.0,2022
VGC,1394570.0,2022
VHC,1517956.0,2022
VHM,1908576.0,2022
VIC,1493568.0,2022
VID,2967684.0,2022
VIP,2673569.0,2022
VIS,776979.0,2022
VJC,755021.0,2022
VMD,1601013.0,2022
VNE,2077652.0,2022
VNG,1782208.0,2022
VNL,2223584.0,2022
VNM,1476831.0,2022
VNS,2574279.0,2022
VOS,1081462.0,2022
VPD,2154579.0,2022
VPG,1160485.0,2022
VPH,2188862.0,2022
VPI,880005.0,2022
VPS,2391281.0,2022
VRC,2164289.0,2022
VRE,2036772.0,2022
VSC,2335010.0,2022
VSH,1208837.0,2022
VSI,1734993.0,2022
VTB,2808992.0,2022
VTO,2243869.0,2022
YBM,2255971.0,2022
YEG,2319916.0,2022
NOT_INVEST,3491366.0,2021
AAA,2358629.0,2021
AAM,2487239.0,2021
AAT,2167636.0,2021
ABS,990929.0,2021
ACC,2042623.0,2021
ACL,1857327.0,2021
ADG,1405082.0,2021
ADS,1357067.0,2021
AGG,904155.0,2021
AGM,2576826.0,2021
AMD,2859639.0,2021
ANV,1801595.0,2021
APC,1990257.0,2021
APH,1654670.0,2021
ASG,1707673.0,2021
ASM,1973946.0,2021
ASP,2478294.0,2021
AST,1246798.0,2021
ATG,2580363.0,2021
BCE,1628502.0,2021
BCG,706174.0,2021
BCM,1382595.0,2021
BFC,1633946.0,2021
BHN,1533872.0,2021
BKG,2435449.0,2021
BMC,2089257.0,2021
BMP,1768710.0,2021
BRC,2337845.0,2021
BTP,2582120.0,2021
BTT,1665585.0,2021
BWE,1246446.0,2021
C32,2765795.0,2021
C47,889822.0,2021
CAV,1051449.0,2021
CCI,1841841.0,2021
CCL,1864256.0,2021
CDC,1574548.0,2021
CEE,1070777.0,2021
CHP,1403639.0,2021
CIG,918106.0,2021
CII,1008171.0,2021
CKG,988515.0,2021
CLC,1913387.0,2021
CLG,1007914.0,2021
CLL,1973654.0,2021
CLW,1509156.0,2021
CMG,1604730.0,2021
CMV,1765055.0,2021
CMX,1955398.0,2021
CNG,1541648.0,2021
COM,1979254.0,2021
CRC,1420276.0,2021
CRE,1467716.0,2021
CSM,1220313.0,2021
CSV,1963277.0,2021
CTD,2484288.0,2021
CTF,992291.0,2021
CTI,1114412.0,2021
CVT,1311754.0,2021
D2D,1668399.0,2021
DAG,1836844.0,2021
DAH,1859151.0,2021
DAT,1484806.0,2021
DBC,1501376.0,2021
DBD,1476783.0,2021
DBT,1945790.0,2021
DC4,1572449.0,2021
DCL,1261778.0,2021
DCM,1868884.0,2021
DGC,1560136.0,2021
DGW,1008674.0,2021
DHA,1883217.0,2021
DHC,1224423.0,2021
DHG,1386892.0,2021
DHM,1959170.0,2021
DIG,1416984.0,2021
DLG,1362684.0,2021
DMC,1905672.0,2021
DPG,976035.0,2021
DPM,2422591.0,2021
DPR,2437232.0,2021
DQC,2357643.0,2021
DRC,1570243.0,2021
DRH,1954675.0,2021
DRL,1304876.0,2021
DSN,1472998.0,2021
DTA,1091694.0,2021
DTL,1981622.0,2021
DTT,2299608.0,2021
DVP,2182634.0,2021
DXG,1265041.0,2021
DXV,2540063.0,2021
ELC,2444905.0,2021
EMC,1237109.0,2021
EVE,2269047.0,2021
EVG,1524317.0,2021
FCM,2628773.0,2021
FCN,2018110.0,2021
FDC,2448008.0,2021
FIR,1874754.0,2021
FIT,2988940.0,2021
FLC,1887745.0,2021
FMC,1590483.0,2021
FPT,1404708.0,2021
FRT,1122863.0,2021
FTM,1294656.0,2021
GAB,1014848.0,2021
GAS,1370606.0,2021
GDT,1323212.0,2021
GEG,1183262.0,2021
GEX,1421636.0,2021
GIL,1597701.0,2021
GMC,1509407.0,2021
GMD,1999898.0,2021
GSP,1928593.0,2021
GTA,2356880.0,2021
GTN,1972179.0,2021
GVR,1614827.0,2021
HAG,1298822.0,2021
HAH,2130232.0,2021
HAI,2535317.0,2021
HAP,2308575.0,2021
HAR,3196124.0,2021
HAS,2678064.0,2021
HAX,1670060.0,2021
HBC,1767506.0,2021
HCD,2556270.0,2021
HDC,1204768.0,2021
HDG,1283313.0,2021
HHP,1673089.0,2021
HHS,3229497.0,2021
HID,2035867.0,2021
HII,1772021.0,2021
HMC,2115154.0,2021
HNG,1259727.0,2021
HOT,1219072.0,2021
HPG,1298363.0,2021
HPX,1350385.0,2021
HQC,2697940.0,2021
HRC,1331155.0,2021
HSG,1226255.0,2021
HSL,2925579.0,2021
HT1,2027440.0,2021
HTI,1169163.0,2021
HTL,1754342.0,2021
HTN,1448917.0,2021
HTV,2579704.0,2021
HU1,2219637.0,2021
HU3,2250620.0,2021
HUB,2548701.0,2021
HVH,2634945.0,2021
HVN,691939.0,2021
HVX,2552028.0,2021
IBC,1174272.0,2021
ICT,1607027.0,2021
IDI,2416185.0,2021
IJC,1100540.0,2021
ILB,965963.0,2021
IMP,1420438.0,2021
ITA,2929080.0,2021
ITC,2352418.0,2021
ITD,2653266.0,2021
JVC,1871374.0,2021
KBC,1219963.0,2021
KDC,2049431.0,2021
KDH,1385838.0,2021
KHP,1330701.0,2021
KMR,2264199.0,2021
KOS,1062306.0,2021
KSB,1625888.0,2021
L10,1174357.0,2021
LAF,1852046.0,2021
LBM,2021152.0,2021
LCG,1701811.0,2021
LCM,2768613.0,2021
LDG,2352015.0,2021
LEC,2175277.0,2021
LGC,1009319.0,2021
LGL,2398358.0,2021
LHG,1946620.0,2021
LIX,1491269.0,2021
LM8,1956515.0,2021
LSS,2480139.0,2021
MCG,1271107.0,2021
MCP,1435463.0,2021
MDG,2037904.0,2021
MHC,1881827.0,2021
MSH,1719699.0,2021
MSN,1001009.0,2021
MWG,1139101.0,2021
NAF,1761961.0,2021
NAV,2082238.0,2021
NBB,1794043.0,2021
NCT,1359958.0,2021
NHA,1349390.0,2021
NHH,1044651.0,2021
NKG,1518293.0,2021
NLG,1751227.0,2021
NNC,1700146.0,2021
NT2,1887853.0,2021
NTL,1771661.0,2021
NVL,801249.0,2021
NVT,1502574.0,2021
OPC,1513553.0,2021
PAC,1342482.0,2021
PAN,2047482.0,2021
PC1,1763041.0,2021
PDN,1497304.0,2021
PDR,1009722.0,2021
PET,1653998.0,2021
PGC,1894198.0,2021
PGD,1386706.0,2021
PHC,1874069.0,2021
PHR,1464434.0,2021
PIT,2064077.0,2021
PJT,1871513.0,2021
PLP,1882871.0,2021
PLX,1380235.0,2021
PME,1365779.0,2021
PMG,1717283.0,2021
PNC,2027054.0,2021
PNJ,1190078.0,2021
POM,1190938.0,2021
POW,2055041.0,2021
PPC,2363867.0,2021
PSH,973175.0,2021
PTB,1426912.0,2021
PTC,2867002.0,2021
PTL,2473359.0,2021
PVD,2400602.0,2021
PVT,2054386.0,2021
PXI,2063688.0,2021
PXS,1699492.0,2021
PXT,1559163.0,2021
QBS,2224214.0,2021
QCG,2407441.0,2021
RAL,1156635.0,2021
RDP,856911.0,2021
REE,2376288.0,2021
RIC,1651746.0,2021
ROS,2697569.0,2021
S4A,1218342.0,2021
SAB,1280397.0,2021
SAM,2495377.0,2021
SAV,1971339.0,2021
SBA,1853312.0,2021
SBT,1434237.0,2021
SBV,2175606.0,2021
SC5,1235975.0,2021
SCD,1553821.0,2021
SCR,1986526.0,2021
SCS,1350034.0,2021
SFC,2114591.0,2021
SFG,2047742.0,2021
SFI,2743314.0,2021
SGN,1399311.0,2021
SGR,1225111.0,2021
SGT,1603773.0,2021
SHA,2132961.0,2021
SHI,1560145.0,2021
SHP,1473118.0,2021
SII,2167353.0,2021
SJD,1717871.0,2021
SJF,2803620.0,2021
SJS,1307772.0,2021
SKG,2419907.0,2021
SMA,1400727.0,2021
SMB,1704795.0,2021
SMC,1551237.0,2021
SPM,2495500.0,2021
SRC,1149564.0,2021
SRF,1966983.0,2021
ST8,2468002.0,2021
STG,2554259.0,2021
STK,1499798.0,2021
SVC,2078202.0,2021
SVD,1078326.0,2021
SVI,1586089.0,2021
SVT,2813676.0,2021
SZC,1165370.0,2021
SZL,1446875.0,2021
TAC,913018.0,2021
TBC,2135440.0,2021
TCD,746907.0,2021
TCL,2057965.0,2021
TCM,1221708.0,2021
TCO,2423155.0,2021
TCR,2267140.0,2021
TCT,1811411.0,2021
TDC,930179.0,2021
TDG,2174054.0,2021
TDH,2414372.0,2021
TDM,1990214.0,2021
TDP,1118510.0,2021
TDW,1449353.0,2021
TEG,2552385.0,2021
TGG,3008306.0,2021
THG,1322110.0,2021
THI,1998559.0,2021
TIP,1784035.0,2021
TIX,2390365.0,2021
TLD,2551101.0,2021
TLG,1729662.0,2021
TLH,2353178.0,2021
TMP,1717818.0,2021
TMS,1978964.0,2021
TMT,1654543.0,2021
TN1,1728475.0,2021
TNA,1967366.0,2021
TNC,1703889.0,2021
TNH,1578743.0,2021
TNI,2591194.0,2021
TNT,2274826.0,2021
TPC,2377535.0,2021
TRA,1541757.0,2021
TRC,2548749.0,2021
TS4,953778.0,2021
TSC,3246838.0,2021
TTA,1226183.0,2021
TTB,2255526.0,2021
TTE,1131368.0,2021
TTF,820169.0,2021
TV2,1294178.0,2021
TVT,2140336.0,2021
TYA,1922285.0,2021
UDC,2015269.0,2021
UIC,2006798.0,2021
VAF,2255084.0,2021
VCA,2041807.0,2021
VCF,1226586.0,2021
VCG,1268024.0,2021
VDP,2328804.0,2021
VGC,1399370.0,2021
VHC,1948948.0,2021
VHM,1318088.0,2021
VIC,1203349.0,2021
VID,2733420.0,2021
VIP,2792306.0,2021
VIS,895048.0,2021
VJC,849320.0,2021
VMD,1345795.0,2021
VNE,2712068.0,2021
VNG,1887571.0,2021
VNL,2177148.0,2021
VNM,1276787.0,2021
VNS,2460408.0,2021
VOS,744111.0,2021
VPD,1601980.0,2021
VPG,1371105.0,2021
VPH,2475195.0,2021
VPI,834232.0,2021
VPS,2015228.0,2021
VRC,2555907.0,2021
VRE,1750005.0,2021
VSC,2100799.0,2021
VSH,1106471.0,2021
VSI,1555581.0,2021
VTB,2407407.0,2021
VTO,2270680.0,2021
YBM,2199607.0,2021
YEG,1722795.0,2021
NOT_INVEST,2983095.0,2020
AAA,1801984.0,2020
AAM,2114215.0,2020
ABS,1227769.0,2020
ABT,2000502.0,2020
ACC,1797377.0,2020
ACL,1820396.0,2020
ADS,1312109.0,2020
AGG,1093951.0,2020
AGM,2314598.0,2020
AMD,2709336.0,2020
ANV,2006906.0,2020
APC,1770261.0,2020
ASM,2476931.0,2020
ASP,1786097.0,2020
AST,1324512.0,2020
ATG,2434202.0,2020
BBC,1945805.0,2020
BCE,1789248.0,2020
BCG,1172291.0,2020
BFC,1582064.0,2020
BHN,1351636.0,2020
BMC,2177249.0,2020
BMP,1726991.0,2020
BRC,2054443.0,2020
BTP,1981559.0,2020
BTT,1568411.0,2020
BWE,1127308.0,2020
C32,2396159.0,2020
C47,704437.0,2020
CAV,971331.0,2020
CCI,1626722.0,2020
CCL,2367328.0,2020
CDC,1459173.0,2020
CEE,974394.0,2020
CHP,1099518.0,2020
CIG,1990931.0,2020
CII,1176092.0,2020
CKG,966115.0,2020
CLC,1688594.0,2020
CLG,560689.0,2020
CLL,1556769.0,2020
CLW,1228818.0,2020
CMG,1440106.0,2020
CMV,1103692.0,2020
CMX,1705435.0,2020
CNG,1532120.0,2020
COM,1507038.0,2020
CRC,1512959.0,2020
CRE,1948382.0,2020
CSM,1015879.0,2020
CSV,1759546.0,2020
CTD,2280075.0,2020
CTF,1036397.0,2020
CTI,941157.0,2020
CVT,1761406.0,2020
D2D,1664474.0,2020
DAG,1675154.0,2020
DAH,1437445.0,2020
DAT,1511568.0,2020
DBC,1290214.0,2020
DBD,1095455.0,2020
DCL,1120455.0,2020
DCM,2087182.0,2020
DGW,1464545.0,2020
DHA,1744329.0,2020
DHC,1100329.0,2020
DHG,1207574.0,2020
DHM,2632357.0,2020
DIC,1955000.0,2020
DIG,1579517.0,2020
DLG,2160557.0,2020
DMC,1539296.0,2020
DPG,694417.0,2020
DPM,2184504.0,2020
DPR,2171340.0,2020
DQC,2049873.0,2020
DRC,1449090.0,2020
DRH,2165467.0,2020
DRL,1072597.0,2020
DSN,1350815.0,2020
DTA,1439749.0,2020
DTL,1229635.0,2020
DTT,1812127.0,2020
DVP,1998564.0,2020
DXG,1916927.0,2020
DXV,2363259.0,2020
ELC,2507392.0,2020
EMC,1333177.0,2020
EVE,2072216.0,2020
EVG,2600221.0,2020
FCM,2303710.0,2020
FCN,2055250.0,2020
FDC,2295448.0,2020
FIR,1332145.0,2020
FIT,2946764.0,2020
FLC,2392299.0,2020
FMC,1660227.0,2020
FPT,1471362.0,2020
FRT,1220467.0,2020
FTM,1684400.0,2020
GAB,976984.0,2020
GAS,1338248.0,2020
GDT,1527511.0,2020
GEG,958030.0,2020
GEX,1755360.0,2020
GIL,2139416.0,2020
GMC,1739502.0,2020
GMD,2199301.0,2020
GSP,1446585.0,2020
GTA,2074030.0,2020
GTN,1684401.0,2020
GVR,2049839.0,2020
HAG,1751183.0,2020
HAH,2320777.0,2020
HAI,2259875.0,2020
HAP,2790713.0,2020
HAR,3249997.0,2020
HAS,2543015.0,2020
HAX,1380856.0,2020
HBC,1980814.0,2020
HCD,2463279.0,2020
HDC,1537965.0,2020
HDG,1276389.0,2020
HHS,3015235.0,2020
HID,2042590.0,2020
HII,1391948.0,2020
HMC,1810417.0,2020
HNG,1099557.0,2020
HOT,1405682.0,2020
HPG,1401626.0,2020
HPX,1218909.0,2020
HQC,2285701.0,2020
HRC,1175764.0,2020
HSG,1582333.0,2020
HSL,2690579.0,2020
HT1,1822909.0,2020
HTI,1126892.0,2020
HTL,1563564.0,2020
HTN,1365636.0,2020
HTT,2847066.0,2020
HTV,2192400.0,2020
HU1,1373091.0,2020
HU3,1785611.0,2020
HUB,2358625.0,2020
HVG,846362.0,2020
HVH,2296071.0,2020
HVN,854571.0,2020
HVX,2045694.0,2020
IBC,1153472.0,2020
ICT,1613729.0,2020
IDI,2511686.0,2020
IJC,1553224.0,2020
ILB,955180.0,2020
IMP,1518066.0,2020
ITA,3016664.0,2020
ITC,1908901.0,2020
ITD,2460644.0,2020
JVC,2229617.0,2020
KBC,2048804.0,2020
KDC,2655929.0,2020
KDH,1376536.0,2020
KHP,1176679.0,2020
KMR,2320014.0,2020
KOS,990411.0,2020
KSB,1676413.0,2020
L10,915922.0,2020
LAF,1594471.0,2020
LBM,2102421.0,2020
LCG,2268401.0,2020
LCM,2770723.0,2020
LDG,2120371.0,2020
LEC,1461097.0,2020
LGC,956032.0,2020
LGL,2454216.0,2020
LHG,2240437.0,2020
LIX,1211509.0,2020
LM8,1101633.0,2020
LMH,2565006.0,2020
LSS,2487610.0,2020
MCG,1077462.0,2020
MCP,1476504.0,2020
MDG,1808411.0,2020
MHC,2762240.0,2020
MSH,1663165.0,2020
MSN,1616340.0,2020
MWG,1060502.0,2020
NAF,1244101.0,2020
NAV,1509705.0,2020
NBB,1620613.0,2020
NCT,1371567.0,2020
NHH,1089389.0,2020
NKG,1915445.0,2020
NLG,1777485.0,2020
NNC,1226479.0,2020
NSC,1591261.0,2020
NT2,1465828.0,2020
NTL,1644651.0,2020
NVL,962580.0,2020
NVT,1760973.0,2020
OPC,1259996.0,2020
PAC,1268378.0,2020
PAN,1785937.0,2020
PC1,1818115.0,2020
PDN,1202432.0,2020
PDR,846306.0,2020
PET,2132935.0,2020
PGC,1806471.0,2020
PGD,1223104.0,2020
PHC,1675021.0,2020
PHR,1260009.0,2020
PIT,2146798.0,2020
PJT,1386870.0,2020
PLP,2341349.0,2020
PLX,1338688.0,2020
PME,1242857.0,2020
PMG,1675211.0,2020
PNC,1611044.0,2020
PNJ,1116400.0,2020
POM,1485094.0,2020
POW,1860725.0,2020
PPC,1811247.0,2020
PTB,1535373.0,2020
PTC,2677869.0,2020
PTL,2284538.0,2020
PVD,2433332.0,2020
PVT,2028598.0,2020
PXI,2022828.0,2020
PXS,1576619.0,2020
PXT,1870762.0,2020
QBS,2319961.0,2020
QCG,2203238.0,2020
RAL,1346096.0,2020
RDP,1305046.0,2020
REE,2200223.0,2020
RIC,2471577.0,2020
ROS,2471034.0,2020
S4A,1015846.0,2020
SAB,1183113.0,2020
SAM,2125363.0,2020
SAV,2664245.0,2020
SBA,1437242.0,2020
SBT,1590912.0,2020
SBV,2139801.0,2020
SC5,903828.0,2020
SCD,1916300.0,2020
SCR,2138214.0,2020
SCS,1256785.0,2020
SFC,1887142.0,2020
SFG,1934946.0,2020
SFI,2566492.0,2020
SGN,1294200.0,2020
SGR,1613444.0,2020
SGT,2568739.0,2020
SHA,1965619.0,2020
SHI,1563026.0,2020
SHP,1179677.0,2020
SII,1597835.0,2020
SJD,1430581.0,2020
SJF,2662646.0,2020
SJS,1501546.0,2020
SKG,2456497.0,2020
SMA,1083039.0,2020
SMB,1575266.0,2020
SMC,1813565.0,2020
SPM,2299716.0,2020
SRC,1104278.0,2020
SRF,1385453.0,2020
SSC,1064167.0,2020
ST8,2117530.0,2020
STG,2039171.0,2020
STK,1565973.0,2020
SVC,1972974.0,2020
SVI,1220691.0,2020
SVT,2706479.0,2020
SZC,1245272.0,2020
SZL,1581565.0,2020
TAC,1412255.0,2020
TBC,1539144.0,2020
TCD,1774150.0,2020
TCL,2227754.0,2020
TCM,2160595.0,2020
TCO,1866027.0,2020
TCR,2044787.0,2020
TCT,1699657.0,2020
TDC,1313565.0,2020
TDG,2224871.0,2020
TDH,2588345.0,2020
TDM,1765012.0,2020
TDW,1334783.0,2020
TEG,2853862.0,2020
TGG,2948899.0,2020
THG,1223699.0,2020
THI,1223661.0,2020
TIP,2127600.0,2020
TIX,1883590.0,2020
TLD,2068990.0,2020
TLG,1616068.0,2020
TLH,2434457.0,2020
TMP,1556005.0,2020
TMS,2350521.0,2020
TMT,1519107.0,2020
TN1,1270330.0,2020
TNA,1556357.0,2020
TNC,2019373.0,2020
TNI,1499225.0,2020
TNT,2505760.0,2020
TPC,1935103.0,2020
TRA,1324245.0,2020
TRC,2346427.0,2020
TS4,1809921.0,2020
TSC,3322460.0,2020
TTB,2110688.0,2020
TTE,974084.0,2020
TTF,523264.0,2020
TV2,1209760.0,2020
TVT,1802389.0,2020
TYA,1701702.0,2020
UDC,2202540.0,2020
UIC,1813401.0,2020
VAF,2216347.0,2020
VCF,1081517.0,2020
VDP,1736192.0,2020
VFG,1351559.0,2020
VGC,1433280.0,2020
VHC,1949781.0,2020
VHM,1170032.0,2020
VIC,1124949.0,2020
VID,2717092.0,2020
VIP,2861822.0,2020
VIS,808542.0,2020
VJC,813946.0,2020
VMD,1113861.0,2020
VNE,2754700.0,2020
VNG,1485969.0,2020
VNL,1901562.0,2020
VNM,1154094.0,2020
VNS,2330626.0,2020
VOS,1096535.0,2020
VPD,1429624.0,2020
VPG,908850.0,2020
VPH,2406443.0,2020
VPI,773629.0,2020
VPS,1868187.0,2020
VRC,2532000.0,2020
VRE,1740373.0,2020
VSC,2343487.0,2020
VSH,1002871.0,2020
VSI,1299538.0,2020
VTB,1841479.0,2020
VTO,2067718.0,2020
YBM,1910266.0,2020
YEG,1336838.0,2020
NOT_INVEST,3157407.0,2019
AAA,1301169.0,2019
AAM,2376786.0,2019
ABT,2108590.0,2019
ACC,2116794.0,2019
ACL,1540521.0,2019
ADS,1431473.0,2019
AGF,1963656.0,2019
AGM,2283650.0,2019
AMD,2640731.0,2019
ANV,1576683.0,2019
APC,2020264.0,2019
ASM,2577770.0,2019
ASP,1694845.0,2019
AST,1205216.0,2019
ATG,2354853.0,2019
BBC,1871088.0,2019
BCE,1706428.0,2019
BCG,1927436.0,2019
BFC,1325791.0,2019
BHN,1175084.0,2019
BMC,1912904.0,2019
BMP,1575146.0,2019
BRC,2266295.0,2019
BTP,2051112.0,2019
BTT,1703217.0,2019
BWE,1127656.0,2019
C32,2312411.0,2019
C47,592049.0,2019
CAV,1109004.0,2019
CCI,1649011.0,2019
CCL,2576972.0,2019
CDC,1276744.0,2019
CEE,984934.0,2019
CHP,1224528.0,2019
CIG,1860295.0,2019
CII,1338253.0,2019
CLC,1519538.0,2019
CLG,2620333.0,2019
CLL,1599011.0,2019
CLW,1509858.0,2019
CMG,1173432.0,2019
CMT,2067606.0,2019
CMV,1453705.0,2019
CMX,1068451.0,2019
CNG,1566785.0,2019
COM,1638567.0,2019
CRC,1501632.0,2019
CRE,1481525.0,2019
CSM,984983.0,2019
CSV,1564705.0,2019
CTD,1698035.0,2019
CTF,891009.0,2019
CTI,968607.0,2019
CVT,1485449.0,2019
D2D,1169353.0,2019
DAG,1904944.0,2019
DAH,1468203.0,2019
DAT,1598934.0,2019
DBD,1264878.0,2019
DCL,1088119.0,2019
DCM,1928303.0,2019
DGW,1383369.0,2019
DHA,1767047.0,2019
DHC,1052064.0,2019
DHG,1094661.0,2019
DHM,2576099.0,2019
DIC,2013411.0,2019
DIG,1569905.0,2019
DLG,2056039.0,2019
DMC,1336408.0,2019
DPG,663136.0,2019
DPM,2117636.0,2019
DPR,2558079.0,2019
DQC,2019582.0,2019
DRC,1271774.0,2019
DRH,1870771.0,2019
DRL,1172616.0,2019
DSN,1326087.0,2019
DTA,1880006.0,2019
DTL,1093372.0,2019
DTT,2131987.0,2019
DVP,1909138.0,2019
DXG,1459540.0,2019
DXV,2354219.0,2019
ELC,2391530.0,2019
EMC,1404721.0,2019
EVE,1800663.0,2019
EVG,2602637.0,2019
FCM,2108501.0,2019
FCN,1688722.0,2019
FDC,2098379.0,2019
FIR,1101432.0,2019
FIT,3131708.0,2019
FLC,2229922.0,2019
FMC,1340072.0,2019
FPT,1547140.0,2019
FRT,910624.0,2019
FTM,837551.0,2019
GAS,1172701.0,2019
GDT,1305904.0,2019
GEX,1791166.0,2019
GIL,1756055.0,2019
GMC,1283666.0,2019
GMD,1963506.0,2019
GSP,1632380.0,2019
GTA,1965919.0,2019
GTN,2054825.0,2019
HAG,1520663.0,2019
HAH,2344705.0,2019
HAI,2431062.0,2019
HAP,2785861.0,2019
HAR,3130729.0,2019
HAS,2429078.0,2019
HAX,1310805.0,2019
HBC,1384746.0,2019
HCD,2393293.0,2019
HDC,1562666.0,2019
HDG,1055813.0,2019
HHS,2774586.0,2019
HID,2530193.0,2019
HII,1474023.0,2019
HLG,1827616.0,2019
HMC,2050793.0,2019
HNG,1056669.0,2019
HOT,1460216.0,2019
HPG,1436922.0,2019
HPX,1208704.0,2019
HQC,2264642.0,2019
HRC,1346220.0,2019
HSG,1153625.0,2019
HSL,2323396.0,2019
HT1,1583563.0,2019
HTI,1193453.0,2019
HTL,1533701.0,2019
HTN,1065803.0,2019
HTT,3138494.0,2019
HTV,2282265.0,2019
HU1,1219777.0,2019
HU3,1659798.0,2019
HUB,2393184.0,2019
HVG,1607409.0,2019
HVH,1562248.0,2019
HVX,2013054.0,2019
IBC,1698517.0,2019
ICF,1930304.0,2019
IDI,2400009.0,2019
IJC,1286514.0,2019
IMP,1544111.0,2019
ITA,2878018.0,2019
ITC,1786310.0,2019
ITD,2429622.0,2019
JVC,2156795.0,2019
KAC,1812329.0,2019
KBC,1830827.0,2019
KDC,2641680.0,2019
KDH,1316090.0,2019
KHP,1279276.0,2019
KMR,2398696.0,2019
KSB,1314852.0,2019
KSH,2483735.0,2019
L10,1167475.0,2019
LAF,1472694.0,2019
LBM,2031826.0,2019
LCG,1893254.0,2019
LCM,2873001.0,2019
LDG,1490001.0,2019
LEC,1612879.0,2019
LGC,968275.0,2019
LGL,1724737.0,2019
LHG,1998684.0,2019
LIX,1210728.0,2019
LM8,1398577.0,2019
LMH,1861061.0,2019
LSS,2398535.0,2019
MCG,850319.0,2019
MCP,1361102.0,2019
MDG,2130016.0,2019
MHC,2610354.0,2019
MSH,1112610.0,2019
MSN,1198908.0,2019
MWG,983185.0,2019
NAF,1429411.0,2019
NAV,2176979.0,2019
NBB,1539675.0,2019
NCT,1255717.0,2019
NKG,1692489.0,2019
NLG,1507230.0,2019
NNC,1342037.0,2019
NSC,1585895.0,2019
NT2,1085431.0,2019
NTL,1509049.0,2019
NVL,1028656.0,2019
NVT,1319822.0,2019
OPC,1646025.0,2019
PAC,1046423.0,2019
PAN,1625519.0,2019
PC1,1743948.0,2019
PDN,1196542.0,2019
PDR,809546.0,2019
PET,2009624.0,2019
PGC,1788583.0,2019
PGD,1229448.0,2019
PHC,1297140.0,2019
PHR,1309777.0,2019
PIT,1597625.0,2019
PJT,1712979.0,2019
PLP,1757743.0,2019
PLX,1224012.0,2019
PME,1280301.0,2019
PMG,1458593.0,2019
PNC,1758679.0,2019
PNJ,1028210.0,2019
POM,1758985.0,2019
POW,1279415.0,2019
PPC,1938939.0,2019
PPI,1683554.0,2019
PTB,1393480.0,2019
PTC,2434216.0,2019
PTL,2573690.0,2019
PVD,2176532.0,2019
PVT,1612414.0,2019
PXI,1775988.0,2019
PXS,2032903.0,2019
PXT,2033824.0,2019
QBS,2230830.0,2019
QCG,2207351.0,2019
RAL,1283144.0,2019
RDP,1207680.0,2019
REE,2410104.0,2019
RIC,2487236.0,2019
ROS,1314082.0,2019
S4A,1007218.0,2019
SAB,1078777.0,2019
SAM,2368504.0,2019
SAV,2583456.0,2019
SBA,1463268.0,2019
SBT,1173880.0,2019
SBV,2159783.0,2019
SC5,902211.0,2019
SCD,2204612.0,2019
SCR,1940551.0,2019
SCS,1171714.0,2019
SFC,2068312.0,2019
SFG,1527448.0,2019
SFI,2496703.0,2019
SGN,1101656.0,2019
SGR,1479882.0,2019
SGT,2308459.0,2019
SHA,1990232.0,2019
SHI,1600960.0,2019
SHP,1201675.0,2019
SII,1504893.0,2019
SJD,1469091.0,2019
SJF,2458021.0,2019
SJS,1324047.0,2019
SKG,2098509.0,2019
SMA,1044345.0,2019
SMB,1483548.0,2019
SMC,1888491.0,2019
SPM,2390635.0,2019
SRC,1054872.0,2019
SRF,1695149.0,2019
SSC,1090064.0,2019
ST8,2028545.0,2019
STG,2118396.0,2019
STK,1284327.0,2019
SVC,2193722.0,2019
SVI,1134019.0,2019
SVT,3017357.0,2019
SZC,1314913.0,2019
SZL,1446124.0,2019
TAC,1113320.0,2019
TBC,1628731.0,2019
TCD,1620818.0,2019
TCL,2273076.0,2019
TCM,1518210.0,2019
TCO,2101346.0,2019
TCR,1940922.0,2019
TCT,1333397.0,2019
TDC,716587.0,2019
TDG,2222941.0,2019
TDH,2557440.0,2019
TDM,1474063.0,2019
TDW,1194413.0,2019
TEG,2418589.0,2019
TGG,2841185.0,2019
THG,1501445.0,2019
THI,1395524.0,2019
TIE,2916198.0,2019
TIP,2055754.0,2019
TIX,1996477.0,2019
TLD,2161155.0,2019
TLG,1361114.0,2019
TLH,2494966.0,2019
TMP,1610865.0,2019
TMS,2248297.0,2019
TMT,1428331.0,2019
TNA,1714830.0,2019
TNC,2265626.0,2019
TNI,2062600.0,2019
TNT,2132216.0,2019
TPC,1918251.0,2019
TRA,1255492.0,2019
TRC,2476686.0,2019
TS4,1692838.0,2019
TSC,3025812.0,2019
TTB,1037420.0,2019
TTE,1049423.0,2019
TTF,457252.0,2019
TVT,1996623.0,2019
TYA,1753618.0,2019
UDC,2075832.0,2019
UIC,2068881.0,2019
VAF,2015035.0,2019
VCF,1262004.0,2019
VDP,1946975.0,2019
VFG,1598742.0,2019
VHC,1511400.0,2019
VHG,1744953.0,2019
VHM,1053219.0,2019
VIC,1141572.0,2019
VID,2590561.0,2019
VIP,2778302.0,2019
VIS,875085.0,2019
VJC,858043.0,2019
VMD,1218608.0,2019
VNE,2751897.0,2019
VNG,1418433.0,2019
VNL,2005779.0,2019
VNM,1125993.0,2019
VNS,2157553.0,2019
VOS,1031128.0,2019
VPD,1374193.0,2019
VPG,1096569.0,2019
VPH,2342958.0,2019
VPI,910776.0,2019
VPK,1992223.0,2019
VPS,2024647.0,2019
VRC,2083056.0,2019
VRE,1569059.0,2019
VSC,1955343.0,2019
VSH,1037094.0,2019
VSI,1148855.0,2019
VTB,1696532.0,2019
VTO,2068931.0,2019
YBM,1511734.0,2019
YEG,1500458.0,2019
NOT_INVEST,3017251.0,2018
AAA,1057862.0,2018
AAM,2399111.0,2018
ABT,2046075.0,2018
ACC,1855766.0,2018
ACL,1770130.0,2018
ADS,1088033.0,2018
AGF,1778777.0,2018
AGM,1984990.0,2018
AMD,1908579.0,2018
ANV,1348729.0,2018
APC,1626685.0,2018
ASM,1842317.0,2018
ASP,1692493.0,2018
AST,1043938.0,2018
ATG,2181956.0,2018
BBC,1477164.0,2018
BCE,1855508.0,2018
BCG,1465434.0,2018
BFC,1178748.0,2018
BHN,1066821.0,2018
BMC,1877112.0,2018
BMP,1335031.0,2018
BRC,2118749.0,2018
BTP,1654061.0,2018
BTT,1609520.0,2018
BWE,957186.0,2018
C32,2016911.0,2018
C47,620451.0,2018
CAV,1168182.0,2018
CCI,1537750.0,2018
CCL,2264968.0,2018
CDC,1093393.0,2018
CDO,2550239.0,2018
CEE,1356640.0,2018
CHP,1266682.0,2018
CIG,1608133.0,2018
CII,1193380.0,2018
CLC,1474100.0,2018
CLG,2411652.0,2018
CLL,1588318.0,2018
CLW,1497440.0,2018
CMG,1284473.0,2018
CMT,1948675.0,2018
CMV,1085212.0,2018
CMX,1176771.0,2018
CNG,1439486.0,2018
COM,1604535.0,2018
CSM,978804.0,2018
CSV,1313255.0,2018
CTD,1445680.0,2018
CTF,1071918.0,2018
CTI,880749.0,2018
CVT,1017940.0,2018
D2D,1079782.0,2018
DAG,1751281.0,2018
DAH,1914042.0,2018
DAT,1222514.0,2018
DCL,1508064.0,2018
DCM,1284111.0,2018
DGW,1302231.0,2018
DHA,1828166.0,2018
DHC,1100933.0,2018
DHG,1008246.0,2018
DHM,2458172.0,2018
DIC,1836844.0,2018
DIG,1061461.0,2018
DLG,1470997.0,2018
DMC,1096573.0,2018
DPM,2016899.0,2018
DPR,2473664.0,2018
DQC,1900219.0,2018
DRC,1035147.0,2018
DRH,1646620.0,2018
DRL,1150810.0,2018
DSN,1344911.0,2018
DTA,1706920.0,2018
DTL,1065940.0,2018
DTT,1998581.0,2018
DVP,1438604.0,2018
DXG,1098963.0,2018
DXV,2232891.0,2018
ELC,1940001.0,2018
EMC,1341820.0,2018
EVE,1826296.0,2018
EVG,2550313.0,2018
FCM,2121952.0,2018
FCN,1132091.0,2018
FDC,1447287.0,2018
FIT,2840577.0,2018
FLC,2099214.0,2018
FMC,1029354.0,2018
FPT,1314623.0,2018
FTM,871424.0,2018
GAS,1044815.0,2018
GDT,1326781.0,2018
GEX,1445509.0,2018
GIL,1676723.0,2018
GMC,1294758.0,2018
GMD,1851020.0,2018
GSP,1813671.0,2018
GTA,2035756.0,2018
GTN,2272306.0,2018
HAG,1428843.0,2018
HAH,2098606.0,2018
HAI,2190248.0,2018
HAP,2629427.0,2018
HAR,2493686.0,2018
HAS,2315272.0,2018
HAX,1062733.0,2018
HBC,928300.0,2018
HCD,2005343.0,2018
HDC,1386857.0,2018
HDG,923382.0,2018
HHS,2526303.0,2018
HID,2541904.0,2018
HII,1002115.0,2018
HLG,1480652.0,2018
HMC,1915921.0,2018
HNG,1029699.0,2018
HOT,1203616.0,2018
HPG,1285053.0,2018
HQC,2100611.0,2018
HRC,1655779.0,2018
HSG,1013627.0,2018
HT1,1424613.0,2018
HTI,1026376.0,2018
HTL,1282617.0,2018
HTT,2661767.0,2018
HTV,2190893.0,2018
HU1,1070843.0,2018
HU3,1580669.0,2018
HVG,1449625.0,2018
HVX,1714982.0,2018
IBC,1585602.0,2018
ICF,1866757.0,2018
IDI,1811432.0,2018
IJC,939283.0,2018
IMP,1417493.0,2018
ITA,2773891.0,2018
ITC,1809854.0,2018
ITD,2314627.0,2018
JVC,1822207.0,2018
KAC,1679907.0,2018
KBC,1687394.0,2018
KDC,2006360.0,2018
KDH,1091153.0,2018
KHA,2297537.0,2018
KHP,1440048.0,2018
KMR,2228785.0,2018
KSA,2397330.0,2018
KSB,1247243.0,2018
KSH,2725668.0,2018
L10,1138782.0,2018
LAF,1719179.0,2018
LBM,1746084.0,2018
LCG,1672871.0,2018
LCM,2498667.0,2018
LDG,1073042.0,2018
LEC,1610381.0,2018
LGC,839510.0,2018
LGL,1013111.0,2018
LHG,1850947.0,2018
LIX,1149707.0,2018
LM8,1296128.0,2018
LSS,2147900.0,2018
MCG,1764326.0,2018
MCP,1268877.0,2018
MDG,2152448.0,2018
MHC,2528133.0,2018
MSN,913881.0,2018
MWG,815568.0,2018
NAF,1697012.0,2018
NAV,2306197.0,2018
NBB,1422691.0,2018
NCT,1119171.0,2018
NKG,981515.0,2018
NLG,1353548.0,2018
NNC,1531081.0,2018
NSC,1570596.0,2018
NT2,1088382.0,2018
NTL,1750554.0,2018
NVL,927337.0,2018
NVT,1449173.0,2018
OPC,1528622.0,2018
PAC,1156896.0,2018
PAN,1450493.0,2018
PC1,1332297.0,2018
PDN,1080775.0,2018
PDR,787241.0,2018
PET,1823116.0,2018
PGC,1668614.0,2018
PGD,1178188.0,2018
PHR,1644765.0,2018
PIT,1386683.0,2018
PJT,1484301.0,2018
PLP,1309766.0,2018
PLX,1067676.0,2018
PME,1130976.0,2018
PMG,1467731.0,2018
PNC,1063314.0,2018
PNJ,951540.0,2018
POM,1810354.0,2018
PPC,1923927.0,2018
PPI,2012454.0,2018
PTB,1188245.0,2018
PTC,1460504.0,2018
PTL,2424082.0,2018
PVD,2034162.0,2018
PVT,1272567.0,2018
PXI,1795592.0,2018
PXS,2040489.0,2018
PXT,1711750.0,2018
QBS,1854630.0,2018
QCG,1667336.0,2018
RAL,1093359.0,2018
RDP,1102004.0,2018
REE,1957907.0,2018
RIC,2298091.0,2018
ROS,1066307.0,2018
S4A,963104.0,2018
SAB,1038164.0,2018
SAM,2140714.0,2018
SAV,2530508.0,2018
SBA,1276739.0,2018
SBT,1148704.0,2018
SBV,1421911.0,2018
SC5,1014030.0,2018
SCD,2054208.0,2018
SCR,1608466.0,2018
SFC,1816801.0,2018
SFG,1611720.0,2018
SFI,2150571.0,2018
SGR,1307843.0,2018
SGT,2010410.0,2018
SHA,1856004.0,2018
SHI,1654230.0,2018
SHP,1053568.0,2018
SII,1353377.0,2018
SJD,1546776.0,2018
SJF,1674849.0,2018
SJS,1146650.0,2018
SKG,1695611.0,2018
SMA,1080902.0,2018
SMC,1492069.0,2018
SPM,2200756.0,2018
SRC,1115703.0,2018
SRF,1483549.0,2018
ST8,1907575.0,2018
STG,1874403.0,2018
STK,1152363.0,2018
STT,791822.0,2018
SVC,1885648.0,2018
SVI,1247116.0,2018
SVT,2848245.0,2018
SZL,1397869.0,2018
TAC,1007987.0,2018
TBC,1694723.0,2018
TCD,1444170.0,2018
TCL,2070014.0,2018
TCM,1501387.0,2018
TCO,1805666.0,2018
TCR,2144964.0,2018
TCT,1265447.0,2018
TDC,611470.0,2018
TDG,1806055.0,2018
TDH,2411658.0,2018
TDW,1323107.0,2018
TEG,2328335.0,2018
THG,1326147.0,2018
THI,1165239.0,2018
TIE,2509633.0,2018
TIP,2233902.0,2018
TIX,2015594.0,2018
TLD,1527593.0,2018
TLG,1040720.0,2018
TLH,2211380.0,2018
TMP,1448194.0,2018
TMS,2187091.0,2018
TMT,1483154.0,2018
TNA,1611724.0,2018
TNC,2153979.0,2018
TNI,2237348.0,2018
TNT,2111806.0,2018
TPC,2142216.0,2018
TRA,1196035.0,2018
TRC,2381632.0,2018
TS4,1889290.0,2018
TSC,2803148.0,2018
TTF,769897.0,2018
TV1,581399.0,2018
TVT,2068429.0,2018
TYA,1753541.0,2018
UDC,2016440.0,2018
UIC,2096106.0,2018
VAF,1947795.0,2018
VCF,976469.0,2018
VDP,1798161.0,2018
VFG,1759795.0,2018
VHC,1239783.0,2018
VHG,1617117.0,2018
VIC,1065368.0,2018
VID,2378082.0,2018
VIP,2670034.0,2018
VIS,1048006.0,2018
VJC,844419.0,2018
VMD,1227660.0,2018
VNE,2182844.0,2018
VNG,1791102.0,2018
VNL,1641089.0,2018
VNM,1051625.0,2018
VNS,2030287.0,2018
VOS,880862.0,2018
VPD,1203602.0,2018
VPG,1266368.0,2018
VPH,1940489.0,2018
VPK,912830.0,2018
VPS,1661814.0,2018
VRC,1475998.0,2018
VRE,1391081.0,2018
VSC,1772177.0,2018
VSH,1042576.0,2018
VSI,1538160.0,2018
VTB,1495527.0,2018
VTO,1980304.0,2018
NOT_INVEST,2784504.0,2017
AAA,755705.0,2017
AAM,2131386.0,2017
ABT,1634562.0,2017
ACC,1625587.0,2017
ACL,1518159.0,2017
ADS,823558.0,2017
AGF,1720401.0,2017
AGM,1726479.0,2017
AMD,1554801.0,2017
ANV,1711781.0,2017
APC,1693283.0,2017
ASM,1630457.0,2017
ASP,2042013.0,2017
ATG,1979391.0,2017
BBC,1196289.0,2017
BCE,1355314.0,2017
BCG,1314480.0,2017
BCI,1507373.0,2017
BFC,1062407.0,2017
BGM,2490859.0,2017
BHN,1264478.0,2017
BHS,1246724.0,2017
BMC,1456957.0,2017
BMP,1027236.0,2017
BRC,1877020.0,2017
BTP,1771423.0,2017
BTT,1614720.0,2017
C32,1698260.0,2017
C47,635276.0,2017
CAV,837057.0,2017
CCI,1549826.0,2017
CCL,2292572.0,2017
CDC,1642630.0,2017
CDO,2173173.0,2017
CHP,1063839.0,2017
CIG,1469967.0,2017
CII,1192724.0,2017
CLC,1216623.0,2017
CLG,1805640.0,2017
CLL,1486014.0,2017
CLW,1510791.0,2017
CMG,1816293.0,2017
CMT,1521678.0,2017
CMV,1152865.0,2017
CMX,538186.0,2017
CNG,1295953.0,2017
COM,1349994.0,2017
CSM,1008966.0,2017
CSV,1322296.0,2017
CTD,1291027.0,2017
CTI,757507.0,2017
CYC,719065.0,2017
D2D,941126.0,2017
DAG,1298892.0,2017
DAH,1585268.0,2017
DAT,1279987.0,2017
DCL,1321870.0,2017
DCM,1191128.0,2017
DGW,1452157.0,2017
DHA,1709817.0,2017
DHC,1491091.0,2017
DHG,1007728.0,2017
DHM,2334826.0,2017
DIC,1500652.0,2017
DIG,1456497.0,2017
DLG,1330616.0,2017
DMC,1051071.0,2017
DPM,1904005.0,2017
DPR,2258969.0,2017
DQC,1476362.0,2017
DRC,1066342.0,2017
DRH,1586296.0,2017
DRL,1157844.0,2017
DSN,1174299.0,2017
DTA,1993205.0,2017
DTL,1144027.0,2017
DTT,1978398.0,2017
DVP,1246122.0,2017
DXG,1475280.0,2017
DXV,1942912.0,2017
ELC,1484560.0,2017
EMC,1231820.0,2017
EVE,1758751.0,2017
FCM,1984228.0,2017
FCN,1301584.0,2017
FDC,1349475.0,2017
FIT,2633083.0,2017
FLC,1936841.0,2017
FMC,1233257.0,2017
FPT,1175785.0,2017
FTM,844869.0,2017
GAS,1175478.0,2017
GDT,1135340.0,2017
GIL,1505660.0,2017
GMC,1108119.0,2017
GMD,1888515.0,2017
GSP,1766730.0,2017
GTA,2197448.0,2017
GTN,1569409.0,2017
HAG,1240380.0,2017
HAH,1299517.0,2017
HAI,2176854.0,2017
HAP,2372677.0,2017
HAR,2559282.0,2017
HAS,2189499.0,2017
HAX,1045875.0,2017
HBC,738753.0,2017
HCD,1728777.0,2017
HDC,1536206.0,2017
HDG,874374.0,2017
HHS,2374365.0,2017
HID,2211088.0,2017
HLG,1077248.0,2017
HMC,2009253.0,2017
HNG,873034.0,2017
HOT,1307301.0,2017
HPG,1686467.0,2017
HQC,1879570.0,2017
HRC,1297292.0,2017
HSG,986518.0,2017
HT1,1040666.0,2017
HTI,936114.0,2017
HTL,1157590.0,2017
HTV,2001551.0,2017
HU1,2000324.0,2017
HU3,1667450.0,2017
HVG,1372496.0,2017
HVX,1438805.0,2017
ICF,1842053.0,2017
IDI,2029781.0,2017
IJC,1050810.0,2017
IMP,1158427.0,2017
ITA,2450440.0,2017
ITC,1622851.0,2017
ITD,1518578.0,2017
JVC,1827868.0,2017
KAC,1703965.0,2017
KBC,1615883.0,2017
KDC,1598051.0,2017
KDH,1216471.0,2017
KHA,2078181.0,2017
KHP,1465885.0,2017
KMR,1997664.0,2017
KSA,2050556.0,2017
KSB,1625895.0,2017
KSH,2519777.0,2017
L10,937775.0,2017
LAF,1522798.0,2017
LBM,1587398.0,2017
LCG,1897754.0,2017
LCM,2351338.0,2017
LDG,1059342.0,2017
LGC,844977.0,2017
LGL,1056330.0,2017
LHG,1877658.0,2017
LIX,1098144.0,2017
LM8,1236116.0,2017
LSS,1960451.0,2017
MCG,1648950.0,2017
MCP,1204485.0,2017
MDG,1545942.0,2017
MHC,2529241.0,2017
MSN,848174.0,2017
MWG,867719.0,2017
NAF,1302983.0,2017
NAV,1608664.0,2017
NBB,1032626.0,2017
NCT,1093204.0,2017
NKG,720703.0,2017
NLG,1358289.0,2017
NNC,1293743.0,2017
NSC,1572619.0,2017
NT2,852448.0,2017
NTL,1962479.0,2017
NVL,857156.0,2017
NVT,2354656.0,2017
OPC,1353961.0,2017
PAC,1140532.0,2017
PAN,1661668.0,2017
PC1,1344003.0,2017
PDN,1122332.0,2017
PDR,863773.0,2017
PET,1628086.0,2017
PGC,1643626.0,2017
PGD,1032740.0,2017
PHR,1963727.0,2017
PIT,1559556.0,2017
PJT,1568597.0,2017
PNC,1455113.0,2017
PNJ,904989.0,2017
POM,1415199.0,2017
PPC,1214222.0,2017
PPI,1766064.0,2017
PTB,1021603.0,2017
PTC,1475688.0,2017
PTL,2261259.0,2017
PVD,1774946.0,2017
PVT,1402889.0,2017
PXI,1357291.0,2017
PXS,1722519.0,2017
PXT,1290426.0,2017
QBS,1705865.0,2017
QCG,1935056.0,2017
RAL,1038358.0,2017
RDP,1382725.0,2017
REE,2165833.0,2017
RIC,1959103.0,2017
ROS,1020753.0,2017
S4A,889014.0,2017
SAB,1001463.0,2017
SAM,2313701.0,2017
SAV,2283138.0,2017
SBA,1139070.0,2017
SBT,1177441.0,2017
SC5,526304.0,2017
SCD,1651908.0,2017
SCR,1774852.0,2017
SFC,1642160.0,2017
SFG,1501250.0,2017
SFI,2006682.0,2017
SGT,1609832.0,2017
SHA,1588447.0,2017
SHI,1854924.0,2017
SHP,992068.0,2017
SII,986762.0,2017
SJD,1631064.0,2017
SJS,1102490.0,2017
SKG,1141643.0,2017
SMA,852671.0,2017
SMC,1249166.0,2017
SPM,2034459.0,2017
SRC,1101982.0,2017
SRF,1296283.0,2017
SSC,962428.0,2017
ST8,1623061.0,2017
STG,1389256.0,2017
STK,878952.0,2017
STT,1016953.0,2017
SVC,1628402.0,2017
SVI,1216184.0,2017
SVT,2432296.0,2017
SZL,1276643.0,2017
TAC,922667.0,2017
TBC,1549942.0,2017
TCL,1853837.0,2017
TCM,1309644.0,2017
TCO,1960269.0,2017
TCR,2063531.0,2017
TCT,1256347.0,2017
TDC,645812.0,2017
TDH,2320786.0,2017
TDW,1176531.0,2017
THG,1146551.0,2017
TIC,1733212.0,2017
TIE,2520494.0,2017
TIP,2039834.0,2017
TIX,1497539.0,2017
TLG,996293.0,2017
TLH,1803417.0,2017
TMP,1335934.0,2017
TMS,1567305.0,2017
TMT,1361631.0,2017
TNA,1296268.0,2017
TNC,1987422.0,2017
TNT,2091004.0,2017
TPC,2027002.0,2017
TRA,1092323.0,2017
TRC,2168960.0,2017
TS4,1417322.0,2017
TSC,2583407.0,2017
TTF,599558.0,2017
TV1,573718.0,2017
TYA,1659695.0,2017
UDC,1836686.0,2017
UIC,1731986.0,2017
VAF,1643674.0,2017
VCF,1303006.0,2017
VFG,1476105.0,2017
VHC,1115253.0,2017
VHG,2550061.0,2017
VIC,1047639.0,2017
VID,2496969.0,2017
VIP,2351007.0,2017
VIS,1061199.0,2017
VJC,754780.0,2017
VMD,789186.0,2017
VNA,541092.0,2017
VNE,1793514.0,2017
VNG,1619373.0,2017
VNL,1331120.0,2017
VNM,1040458.0,2017
VNS,1381437.0,2017
VOS,712539.0,2017
VPH,1364365.0,2017
VPK,1064126.0,2017
VPS,1605095.0,2017
VRC,1586170.0,2017
VSC,1291829.0,2017
VSH,1010903.0,2017
VSI,1905715.0,2017
VTB,1364058.0,2017
VTO,1841048.0,2017
NOT_INVEST,2743896.0,2016
AAM,2045883.0,2016
ABT,1310978.0,2016
ACC,1570730.0,2016
ACL,1302996.0,2016
AGF,1637170.0,2016
AGM,1640529.0,2016
AMD,1828679.0,2016
ANV,1919227.0,2016
APC,1721254.0,2016
ASM,1268245.0,2016
ASP,1979580.0,2016
ATA,568975.0,2016
BBC,1383833.0,2016
BCE,725751.0,2016
BCG,1867259.0,2016
BCI,1554266.0,2016
BFC,1179982.0,2016
BGM,2440333.0,2016
BHS,1345236.0,2016
BMC,1537927.0,2016
BMP,1055537.0,2016
BRC,1915880.0,2016
BTP,1366887.0,2016
BTT,1551964.0,2016
C32,1374822.0,2016
C47,617093.0,2016
CAV,819133.0,2016
CCI,1323167.0,2016
CCL,1785261.0,2016
CDC,1411526.0,2016
CDO,1132402.0,2016
CIG,333505.0,2016
CII,1012275.0,2016
CLC,1088151.0,2016
CLG,1339773.0,2016
CLL,1379918.0,2016
CLW,1524887.0,2016
CMG,1626671.0,2016
CMT,1410708.0,2016
CMV,1270520.0,2016
CMX,1151587.0,2016
CNG,1062533.0,2016
COM,1550550.0,2016
CSM,919887.0,2016
CSV,1268733.0,2016
CTD,1166047.0,2016
CTI,742809.0,2016
CYC,794296.0,2016
D2D,1086666.0,2016
DAG,1321268.0,2016
DAT,863170.0,2016
DCL,1540763.0,2016
DCM,1054751.0,2016
DGW,1190968.0,2016
DHA,1713047.0,2016
DHC,1335295.0,2016
DHG,1086386.0,2016
DHM,2026582.0,2016
DIC,1474164.0,2016
DIG,1706065.0,2016
DLG,1099265.0,2016
DMC,1140892.0,2016
DPM,1600971.0,2016
DPR,2258597.0,2016
DQC,1250711.0,2016
DRC,954666.0,2016
DRH,1303862.0,2016
DRL,1083595.0,2016
DSN,1184586.0,2016
DTA,1726493.0,2016
DTL,1456921.0,2016
DTT,1987223.0,2016
DVP,1162252.0,2016
DXG,1594038.0,2016
DXV,2070389.0,2016
ELC,1407206.0,2016
EMC,1325220.0,2016
EVE,1512409.0,2016
FCM,1983214.0,2016
FCN,1105167.0,2016
FDC,1447872.0,2016
FIT,2089868.0,2016
FLC,2188139.0,2016
FMC,1117404.0,2016
FPT,1155760.0,2016
GAS,1275976.0,2016
GDT,1194522.0,2016
GIL,1284936.0,2016
GMC,1131236.0,2016
GMD,1837282.0,2016
GSP,1688978.0,2016
GTA,1777839.0,2016
GTN,1036602.0,2016
GTT,403125.0,2016
HAG,1130841.0,2016
HAH,1143640.0,2016
HAI,1897656.0,2016
HAP,2355620.0,2016
HAR,2466531.0,2016
HAS,2035851.0,2016
HAX,1116148.0,2016
HBC,893202.0,2016
HDC,1571122.0,2016
HDG,1199254.0,2016
HHS,2013310.0,2016
HLG,1138666.0,2016
HMC,1741006.0,2016
HNG,1019115.0,2016
HOT,1337598.0,2016
HPG,1526583.0,2016
HQC,1920523.0,2016
HRC,1382478.0,2016
HSG,1074110.0,2016
HT1,895044.0,2016
HTI,937124.0,2016
HTL,949351.0,2016
HTV,1923685.0,2016
HU1,1722623.0,2016
HU3,1525899.0,2016
HVG,1217676.0,2016
HVX,1118054.0,2016
ICF,1981700.0,2016
IDI,1377917.0,2016
IJC,1219684.0,2016
IMP,1429436.0,2016
ITA,2309678.0,2016
ITC,2064658.0,2016
ITD,1612165.0,2016
JVC,1112165.0,2016
KAC,1819591.0,2016
KBC,1534384.0,2016
KDC,2003903.0,2016
KDH,1096832.0,2016
KHA,1925155.0,2016
KHP,1529198.0,2016
KMR,2040437.0,2016
KSA,1830563.0,2016
KSB,1379802.0,2016
KSH,2014742.0,2016
KSS,1523026.0,2016
L10,895074.0,2016
LAF,1383691.0,2016
LBM,1628806.0,2016
LCG,1997056.0,2016
LCM,2236716.0,2016
LDG,1011505.0,2016
LGC,886853.0,2016
LGL,1841953.0,2016
LHG,1650356.0,2016
LIX,1030780.0,2016
LM8,1025058.0,2016
LSS,1954403.0,2016
MCG,1431927.0,2016
MCP,1586615.0,2016
MDG,1676716.0,2016
MHC,1894775.0,2016
MSN,913814.0,2016
MWG,924363.0,2016
NAF,1197654.0,2016
NAV,1757045.0,2016
NBB,1016462.0,2016
NCT,990492.0,2016
NKG,677447.0,2016
NLG,1342091.0,2016
NNC,1087277.0,2016
NSC,1382955.0,2016
NT2,850139.0,2016
NTL,1712017.0,2016
NVT,2142464.0,2016
OPC,1324363.0,2016
PAC,1093998.0,2016
PAN,1721230.0,2016
PDN,1203933.0,2016
PDR,899033.0,2016
PET,1307136.0,2016
PGC,1804688.0,2016
PGD,946119.0,2016
PHR,2134155.0,2016
PIT,1244647.0,2016
PJT,1189241.0,2016
PNC,1662241.0,2016
PNJ,969112.0,2016
POM,1287253.0,2016
PPC,1202775.0,2016
PPI,1221941.0,2016
PTB,1080771.0,2016
PTC,1740861.0,2016
PTL,2202298.0,2016
PVD,1668769.0,2016
PVT,1468003.0,2016
PXI,1894178.0,2016
PXL,2204785.0,2016
PXS,1497473.0,2016
PXT,904272.0,2016
QBS,1644934.0,2016
QCG,1640220.0,2016
RAL,1019013.0,2016
RDP,985000.0,2016
REE,2153655.0,2016
RIC,1863358.0,2016
SAM,2089237.0,2016
SAV,2114639.0,2016
SBA,1160997.0,2016
SBT,895877.0,2016
SC5,535640.0,2016
SCD,1303389.0,2016
SFC,1661778.0,2016
SFG,1404922.0,2016
SFI,1693891.0,2016
SGT,1201373.0,2016
SHI,1532543.0,2016
SHP,997878.0,2016
SII,1108413.0,2016
SJD,1588159.0,2016
SJS,1266717.0,2016
SKG,983021.0,2016
SMA,800778.0,2016
SMC,979151.0,2016
SPM,1881354.0,2016
SRC,1129580.0,2016
SRF,1455516.0,2016
SSC,983139.0,2016
ST8,2024551.0,2016
STG,785857.0,2016
STK,879035.0,2016
STT,1387668.0,2016
SVC,1800347.0,2016
SVI,1019936.0,2016
SVT,2106877.0,2016
SZL,1203841.0,2016
TAC,1182524.0,2016
TBC,1451568.0,2016
TCL,1701439.0,2016
TCM,1317321.0,2016
TCO,1830311.0,2016
TCR,1694540.0,2016
TCT,1188002.0,2016
TDC,650536.0,2016
TDH,2094349.0,2016
TDW,1296616.0,2016
THG,1024233.0,2016
TIC,1792318.0,2016
TIE,2257630.0,2016
TIX,1453573.0,2016
TLG,1014410.0,2016
TLH,1659651.0,2016
TMP,1296973.0,2016
TMS,1311465.0,2016
TMT,1003103.0,2016
TNA,1221537.0,2016
TNC,2018810.0,2016
TNT,879381.0,2016
TPC,1830375.0,2016
TRA,1153221.0,2016
TRC,2249912.0,2016
TS4,1528866.0,2016
TSC,1988745.0,2016
TTF,939726.0,2016
TV1,586876.0,2016
TYA,1515253.0,2016
UDC,1356526.0,2016
UIC,1822293.0,2016
VAF,1515715.0,2016
VCF,1097441.0,2016
VFG,1588700.0,2016
VHC,1222971.0,2016
VHG,2146768.0,2016
VIC,1037582.0,2016
VID,2308097.0,2016
VIP,2429492.0,2016
VIS,1560374.0,2016
VLF,778007.0,2016
VMD,725707.0,2016
VNA,938915.0,2016
VNE,1952206.0,2016
VNG,1434146.0,2016
VNH,1511931.0,2016
VNL,1233079.0,2016
VNM,1035258.0,2016
VNS,1470941.0,2016
VOS,914388.0,2016
VPH,1275625.0,2016
VPK,1369547.0,2016
VPS,1645059.0,2016
VRC,2133750.0,2016
VSC,1309254.0,2016
VSH,1056738.0,2016
VSI,1809221.0,2016
VTB,1734980.0,2016
VTO,1869877.0,2016
NOT_INVEST,2747479.0,2015
AAM,2115504.0,2015
ABT,1276019.0,2015
ACC,1299997.0,2015
ACL,1519346.0,2015
AGF,1600562.0,2015
AGM,1989756.0,2015
ANV,2064769.0,2015
APC,1573571.0,2015
ASM,1709060.0,2015
ASP,1755294.0,2015
ATA,1661180.0,2015
AVF,536131.0,2015
BBC,1393447.0,2015
BCE,1357743.0,2015
BCI,1417683.0,2015
BGM,2237349.0,2015
BHS,1619463.0,2015
BMC,1435794.0,2015
BMP,1188090.0,2015
BRC,1847424.0,2015
BT6,1971816.0,2015
BTP,1353783.0,2015
BTT,1490235.0,2015
C21,2051483.0,2015
C32,1535285.0,2015
C47,367936.0,2015
CAV,956634.0,2015
CCI,1473147.0,2015
CCL,1826121.0,2015
CDC,1380221.0,2015
CDO,1130037.0,2015
CIG,467343.0,2015
CII,1100312.0,2015
CLC,1267783.0,2015
CLG,1322066.0,2015
CLL,1259813.0,2015
CLW,1569380.0,2015
CMG,1301320.0,2015
CMT,1682702.0,2015
CMV,1217753.0,2015
CMX,714554.0,2015
CNG,1146827.0,2015
COM,1486086.0,2015
CSM,991311.0,2015
CSV,1332712.0,2015
CTD,1723542.0,2015
CTI,592629.0,2015
CYC,1278860.0,2015
D2D,1107827.0,2015
DAG,1259001.0,2015
DCL,1237542.0,2015
DCM,893196.0,2015
DCT,616764.0,2015
DHA,2038599.0,2015
DHC,1532779.0,2015
DHG,998427.0,2015
DHM,2390776.0,2015
DIC,1191762.0,2015
DIG,1380694.0,2015
DLG,1216083.0,2015
DMC,1394145.0,2015
DPM,1701457.0,2015
DPR,2181948.0,2015
DQC,1256245.0,2015
DRC,866700.0,2015
DRH,2562389.0,2015
DRL,1010785.0,2015
DSN,1079520.0,2015
DTA,1467018.0,2015
DTL,1531279.0,2015
DTT,1893537.0,2015
DVP,1180709.0,2015
DXG,1282672.0,2015
DXV,1931613.0,2015
ELC,1808168.0,2015
EMC,1588800.0,2015
EVE,1763298.0,2015
FCM,1606310.0,2015
FCN,1163857.0,2015
FDC,1933528.0,2015
FLC,1836183.0,2015
FMC,1111692.0,2015
FPT,1081211.0,2015
GAS,1016690.0,2015
GDT,1246525.0,2015
GIL,1399992.0,2015
GMC,1112327.0,2015
GMD,1962859.0,2015
GSP,1635937.0,2015
GTA,1789973.0,2015
GTN,1582980.0,2015
GTT,883002.0,2015
HAG,1070608.0,2015
HAH,1128645.0,2015
HAI,963550.0,2015
HAP,2080402.0,2015
HAR,2058782.0,2015
HAS,2205155.0,2015
HAX,1416787.0,2015
HBC,995788.0,2015
HDC,1524934.0,2015
HDG,1307232.0,2015
HHS,1071708.0,2015
HLG,643089.0,2015
HMC,1798555.0,2015
HOT,1173973.0,2015
HPG,1303639.0,2015
HQC,1502570.0,2015
HRC,1439137.0,2015
HSG,991257.0,2015
HSI,768437.0,2015
HT1,772953.0,2015
HTI,973174.0,2015
HTL,981591.0,2015
HTV,2036141.0,2015
HU1,1594203.0,2015
HU3,794580.0,2015
HVG,1041825.0,2015
HVX,1016305.0,2015
ICF,1942502.0,2015
IDI,1233927.0,2015
IJC,1318635.0,2015
IMP,1247461.0,2015
ITA,1960978.0,2015
ITC,2181672.0,2015
ITD,1882037.0,2015
JVC,1413783.0,2015
KAC,1208761.0,2015
KBC,1009926.0,2015
KDC,1504941.0,2015
KDH,843139.0,2015
KHA,1822003.0,2015
KHP,1417278.0,2015
KMR,2070882.0,2015
KSA,2074831.0,2015
KSB,1650517.0,2015
KSH,2030021.0,2015
KSS,827599.0,2015
KTB,2154089.0,2015
L10,931216.0,2015
LAF,1221246.0,2015
LBM,1811479.0,2015
LCG,2076489.0,2015
LCM,2382357.0,2015
LGC,799009.0,2015
LGL,2039526.0,2015
LHG,1751501.0,2015
LIX,1091043.0,2015
LM8,818271.0,2015
LSS,2114127.0,2015
MCG,1228189.0,2015
MCP,1200704.0,2015
MDG,1722724.0,2015
MHC,2151417.0,2015
MSN,904772.0,2015
MTG,1609424.0,2015
MWG,908997.0,2015
NAV,1946424.0,2015
NBB,1271266.0,2015
NCT,1000811.0,2015
NHS,1836987.0,2015
NKG,656652.0,2015
NLG,1397357.0,2015
NNC,1104491.0,2015
NSC,1553197.0,2015
NTL,1634889.0,2015
NVN,540330.0,2015
NVT,2137375.0,2015
OPC,1315372.0,2015
PAC,1299433.0,2015
PAN,1144406.0,2015
PDN,1295694.0,2015
PDR,825383.0,2015
PET,1161063.0,2015
PGC,1429408.0,2015
PGD,1092142.0,2015
PHR,1984727.0,2015
PIT,1646796.0,2015
PJT,1215896.0,2015
PNC,681430.0,2015
PNJ,1052725.0,2015
POM,1324378.0,2015
PPC,1176965.0,2015
PPI,1217136.0,2015
PTB,985008.0,2015
PTC,1914108.0,2015
PTK,2438458.0,2015
PTL,2031141.0,2015
PVD,1336615.0,2015
PVT,1053352.0,2015
PXI,1173209.0,2015
PXL,2227954.0,2015
PXS,1077317.0,2015
PXT,585384.0,2015
QBS,1520959.0,2015
QCG,1227033.0,2015
RAL,1330946.0,2015
RDP,1332597.0,2015
REE,2028952.0,2015
RIC,2521630.0,2015
SAM,2176206.0,2015
SAV,1960006.0,2015
SBA,1168200.0,2015
SBT,1661723.0,2015
SC5,689002.0,2015
SCD,1636089.0,2015
SEC,881010.0,2015
SFC,1531746.0,2015
SFG,1330067.0,2015
SFI,1491589.0,2015
SGT,1177927.0,2015
SHI,1298096.0,2015
SHP,962154.0,2015
SII,1228837.0,2015
SJD,1394046.0,2015
SJS,1296977.0,2015
SKG,1141382.0,2015
SMA,845645.0,2015
SMC,1171579.0,2015
SPM,1837179.0,2015
SRC,1166552.0,2015
SRF,1345826.0,2015
SSC,946769.0,2015
ST8,1992137.0,2015
STG,1384016.0,2015
STT,1754034.0,2015
SVC,1677263.0,2015
SVI,1068147.0,2015
SVT,2221629.0,2015
SZL,1317231.0,2015
TAC,998978.0,2015
TBC,1311668.0,2015
TCL,1543725.0,2015
TCM,1247234.0,2015
TCO,1808027.0,2015
TCR,1756588.0,2015
TDC,1100448.0,2015
TDH,2300706.0,2015
TDW,1148143.0,2015
THG,1452291.0,2015
TIC,1750298.0,2015
TIE,2261557.0,2015
TIX,1756701.0,2015
TLG,1099271.0,2015
TLH,1929689.0,2015
TMP,1207538.0,2015
TMS,1644154.0,2015
TMT,939745.0,2015
TNA,1475171.0,2015
TNC,1928014.0,2015
TNT,2282648.0,2015
TPC,1692092.0,2015
TRA,1183980.0,2015
TRC,2258948.0,2015
TS4,1577461.0,2015
TSC,1491817.0,2015
TTF,1334143.0,2015
TTP,1765829.0,2015
TV1,626291.0,2015
TYA,1493353.0,2015
UDC,1089511.0,2015
UIC,1905448.0,2015
VCF,972792.0,2015
VFG,1839844.0,2015
VHC,1163103.0,2015
VHG,2179291.0,2015
VIC,1031800.0,2015
VID,2329133.0,2015
VIP,2141142.0,2015
VIS,1437190.0,2015
VLF,965228.0,2015
VMD,1067256.0,2015
VNA,958842.0,2015
VNE,1589318.0,2015
VNG,1744204.0,2015
VNH,1237107.0,2015
VNI,930602.0,2015
VNL,1486568.0,2015
VNM,1064123.0,2015
VNS,1241774.0,2015
VOS,951322.0,2015
VPH,1072047.0,2015
VPK,1578284.0,2015
VRC,1876504.0,2015
VSC,1438250.0,2015
VSH,1751728.0,2015
VSI,1183944.0,2015
VST,543945.0,2015
VTB,1904932.0,2015
VTF,1255017.0,2015
VTO,1627252.0,2015
NOT_INVEST,2763063.0,2014
AAM,2013883.0,2014
ABT,1375170.0,2014
ACC,1282356.0,2014
ACL,1529536.0,2014
AGF,1477819.0,2014
AGM,1724723.0,2014
ALP,2119194.0,2014
ANV,2087161.0,2014
APC,1545707.0,2014
ASM,1509712.0,2014
ASP,1301433.0,2014
ATA,1601021.0,2014
AVF,1621391.0,2014
BBC,1600590.0,2014
BCE,1394223.0,2014
BCI,1299933.0,2014
BGM,2139360.0,2014
BHS,1365340.0,2014
BMC,1123858.0,2014
BMP,1091036.0,2014
BRC,1506304.0,2014
BT6,1805151.0,2014
BTP,1159236.0,2014
BTT,1574726.0,2014
C21,1960590.0,2014
C32,1377526.0,2014
C47,332182.0,2014
CCI,1426720.0,2014
CCL,1535102.0,2014
CDC,1700217.0,2014
CIG,784043.0,2014
CII,1002693.0,2014
CLC,1255436.0,2014
CLG,869499.0,2014
CLP,760582.0,2014
CLW,1571741.0,2014
CMG,1360726.0,2014
CMT,1551786.0,2014
CMV,1285712.0,2014
CMX,546708.0,2014
CNG,989989.0,2014
COM,1386849.0,2014
CSM,872726.0,2014
CTD,1521966.0,2014
CTI,436728.0,2014
CYC,1130436.0,2014
D2D,1065320.0,2014
DAG,990588.0,2014
DCL,1467348.0,2014
DCT,860458.0,2014
DHA,2298833.0,2014
DHC,1585382.0,2014
DHG,938747.0,2014
DHM,1953833.0,2014
DIC,1541107.0,2014
DIG,1334467.0,2014
DLG,1179654.0,2014
DMC,1152697.0,2014
DPM,1486903.0,2014
DPR,2045543.0,2014
DQC,1220080.0,2014
DRC,831209.0,2014
DRH,2610931.0,2014
DRL,1096066.0,2014
DSN,1063237.0,2014
DTA,1585404.0,2014
DTL,1318813.0,2014
DTT,2073005.0,2014
DVP,1097660.0,2014
DXG,1322556.0,2014
DXV,1701199.0,2014
ELC,1613740.0,2014
EMC,1591345.0,2014
EVE,1681216.0,2014
FCM,1123838.0,2014
FCN,1109136.0,2014
FDC,1699782.0,2014
FDG,389994.0,2014
FLC,2142220.0,2014
FMC,1313052.0,2014
FPT,1049114.0,2014
GAS,961892.0,2014
GDT,1380196.0,2014
GIL,1391282.0,2014
GMC,1104452.0,2014
GMD,1895504.0,2014
GSP,1332599.0,2014
GTA,1607439.0,2014
GTT,1068885.0,2014
HAG,934619.0,2014
HAI,1576007.0,2014
HAP,2036502.0,2014
HAR,1749930.0,2014
HAS,2285645.0,2014
HAX,1382002.0,2014
HBC,1104436.0,2014
HDC,1283492.0,2014
HDG,1279403.0,2014
HHS,1098340.0,2014
HLA,650342.0,2014
HLG,531658.0,2014
HMC,1764849.0,2014
HOT,1235422.0,2014
HPG,1005659.0,2014
HQC,1298616.0,2014
HRC,1405256.0,2014
HSG,897454.0,2014
HSI,851798.0,2014
HT1,773417.0,2014
HTI,1081719.0,2014
HTL,1141770.0,2014
HTV,2001419.0,2014
HU1,1518062.0,2014
HU3,1264785.0,2014
HVG,1052029.0,2014
HVX,752815.0,2014
ICF,1798446.0,2014
IDI,1318453.0,2014
IJC,1359141.0,2014
IMP,1382650.0,2014
ITA,1671519.0,2014
ITC,2045029.0,2014
ITD,2093536.0,2014
JVC,1408192.0,2014
KAC,1660497.0,2014
KBC,1459597.0,2014
KDC,1311302.0,2014
KDH,1042023.0,2014
KHA,1835095.0,2014
KHP,1223394.0,2014
KMR,1999686.0,2014
KSA,1897130.0,2014
KSB,1602614.0,2014
KSH,1918332.0,2014
KSS,1469629.0,2014
KTB,1962691.0,2014
L10,930146.0,2014
LAF,1477422.0,2014
LBM,1856972.0,2014
LCG,1757971.0,2014
LCM,2134945.0,2014
LGC,1482262.0,2014
LGL,2111838.0,2014
LHG,1773990.0,2014
LIX,1051421.0,2014
LM8,663469.0,2014
LSS,2062082.0,2014
MCG,772959.0,2014
MCP,1243237.0,2014
MDG,1928368.0,2014
MHC,1628026.0,2014
MPC,992920.0,2014
MSN,956519.0,2014
MTG,1649693.0,2014
NAV,1825683.0,2014
NBB,1306591.0,2014
NHS,1783311.0,2014
NHW,1359835.0,2014
NKG,568160.0,2014
NLG,1146659.0,2014
NNC,1082519.0,2014
NSC,1086131.0,2014
NTL,1413027.0,2014
NVN,608714.0,2014
NVT,1863048.0,2014
OPC,1148561.0,2014
PAC,1279105.0,2014
PAN,984110.0,2014
PDN,1712198.0,2014
PDR,663815.0,2014
PET,914267.0,2014
PGC,1304006.0,2014
PGD,1013744.0,2014
PHR,1642775.0,2014
PIT,1316030.0,2014
PJT,1273895.0,2014
PNC,1383730.0,2014
PNJ,1379643.0,2014
POM,873545.0,2014
PPC,1112420.0,2014
PPI,1438445.0,2014
PTB,976760.0,2014
PTC,2145404.0,2014
PTK,2251044.0,2014
PTL,1662929.0,2014
PVD,962900.0,2014
PVT,917575.0,2014
PXI,1427284.0,2014
PXL,2224215.0,2014
PXM,480343.0,2014
PXS,932441.0,2014
PXT,1257103.0,2014
QCG,1040996.0,2014
RAL,1025343.0,2014
RDP,1550863.0,2014
REE,1700473.0,2014
RIC,2444972.0,2014
SAM,2346107.0,2014
SAV,1780458.0,2014
SBA,1080922.0,2014
SBC,1022517.0,2014
SBT,1702521.0,2014
SC5,804178.0,2014
SCD,1514196.0,2014
SEC,1158986.0,2014
SFC,1524959.0,2014
SFI,1489191.0,2014
SGT,1597754.0,2014
SHI,1475721.0,2014
SII,1344006.0,2014
SJD,1411269.0,2014
SJS,993754.0,2014
SMA,783925.0,2014
SMC,1147582.0,2014
SPM,1879118.0,2014
SRC,1197787.0,2014
SRF,1239183.0,2014
SSC,961588.0,2014
ST8,2037985.0,2014
STG,1250008.0,2014
STT,1834927.0,2014
SVC,1568609.0,2014
SVI,921611.0,2014
SVT,2154977.0,2014
SZL,1333979.0,2014
TAC,945205.0,2014
TBC,1520181.0,2014
TCL,1486205.0,2014
TCM,1181998.0,2014
TCO,1795631.0,2014
TCR,1658137.0,2014
TDC,1202385.0,2014
TDH,2341714.0,2014
TDW,1172973.0,2014
THG,1775568.0,2014
TIC,1934857.0,2014
TIE,2034568.0,2014
TIX,1438638.0,2014
TLG,1233678.0,2014
TLH,1743998.0,2014
TMP,1359688.0,2014
TMS,1940328.0,2014
TMT,1828867.0,2014
TNA,1670213.0,2014
TNC,1788466.0,2014
TNT,2364811.0,2014
TPC,1461573.0,2014
TRA,1051645.0,2014
TRC,1951934.0,2014
TS4,1620881.0,2014
TSC,1496686.0,2014
TTF,1257800.0,2014
TTP,1608143.0,2014
TV1,580806.0,2014
TYA,1595287.0,2014
UDC,1020975.0,2014
UIC,1783240.0,2014
VCF,980865.0,2014
VFG,1921242.0,2014
VHC,1399184.0,2014
VHG,2127455.0,2014
VIC,994467.0,2014
VID,1983702.0,2014
VIP,1713314.0,2014
VIS,926373.0,2014
VLF,1011492.0,2014
VMD,711066.0,2014
VNA,890893.0,2014
VNE,1583342.0,2014
VNG,1948083.0,2014
VNH,1921864.0,2014
VNI,994555.0,2014
VNL,1751075.0,2014
VNM,1017967.0,2014
VNS,1225163.0,2014
VOS,906720.0,2014
VPH,1573832.0,2014
VPK,1288023.0,2014
VRC,1851039.0,2014
VSC,1191803.0,2014
VSH,1329621.0,2014
VSI,884025.0,2014
VST,537708.0,2014
VTB,1978170.0,2014
VTF,1567149.0,2014
VTO,1374095.0,2014
NOT_INVEST,2602431.0,2013
AAM,1578839.0,2013
ABT,1300280.0,2013
ACC,1225098.0,2013
ACL,1271406.0,2013
AGD,1259891.0,2013
AGF,1616541.0,2013
AGM,1392390.0,2013
ALP,1538391.0,2013
ANV,2162927.0,2013
APC,1444761.0,2013
ASM,2024204.0,2013
ASP,1366091.0,2013
ATA,1500205.0,2013
AVF,1540314.0,2013
BBC,1843232.0,2013
BCE,1474547.0,2013
BCI,1271243.0,2013
BGM,2265651.0,2013
BHS,1238612.0,2013
BMC,987623.0,2013
BMP,1135105.0,2013
BRC,1438977.0,2013
BT6,1727391.0,2013
BTP,1274207.0,2013
BTT,1598518.0,2013
C21,2071841.0,2013
C32,1498905.0,2013
C47,380780.0,2013
CCI,1402888.0,2013
CCL,1807110.0,2013
CDC,1817970.0,2013
CIG,803049.0,2013
CII,1074283.0,2013
CLC,1387986.0,2013
CLG,747403.0,2013
CLP,1357752.0,2013
CLW,1495352.0,2013
CMG,1349227.0,2013
CMT,1888335.0,2013
CMV,1060329.0,2013
CMX,1498530.0,2013
CNG,1194829.0,2013
COM,1279345.0,2013
CSM,1010705.0,2013
CTD,1727363.0,2013
CTI,640910.0,2013
CYC,1113499.0,2013
D2D,1427573.0,2013
DAG,935851.0,2013
DCL,1548189.0,2013
DCT,1254254.0,2013
DDM,456587.0,2013
DHA,2210920.0,2013
DHC,1828913.0,2013
DHG,993221.0,2013
DHM,1453671.0,2013
DIC,1674726.0,2013
DIG,1227724.0,2013
DLG,1660527.0,2013
DMC,1470308.0,2013
DPM,1343192.0,2013
DPR,1632428.0,2013
DQC,1431823.0,2013
DRC,883355.0,2013
DRH,2449382.0,2013
DRL,1197153.0,2013
DSN,1062039.0,2013
DTA,1785456.0,2013
DTL,1200196.0,2013
DTT,1962367.0,2013
DVP,1085394.0,2013
DXG,1903765.0,2013
DXV,638779.0,2013
ELC,1255508.0,2013
EMC,1448251.0,2013
EVE,1573981.0,2013
FBT,493125.0,2013
FCN,1206598.0,2013
FDC,1603323.0,2013
FDG,704773.0,2013
FMC,1594577.0,2013
FPT,1176828.0,2013
GAS,1001916.0,2013
GDT,1343710.0,2013
GIL,1011696.0,2013
GMC,1273320.0,2013
GMD,1692595.0,2013
GSP,1728937.0,2013
GTA,1901148.0,2013
GTT,835995.0,2013
HAG,841864.0,2013
HAI,1434334.0,2013
HAP,2286943.0,2013
HAR,1041137.0,2013
HAS,2344292.0,2013
HAX,1281109.0,2013
HBC,1011318.0,2013
HDC,1487101.0,2013
HDG,1419797.0,2013
HHS,1307626.0,2013
HLA,1199605.0,2013
HLG,1445889.0,2013
HMC,1676890.0,2013
HOT,1219824.0,2013
HPG,1060745.0,2013
HQC,1476961.0,2013
HRC,1276524.0,2013
HSG,973809.0,2013
HSI,1472640.0,2013
HT1,709254.0,2013
HTI,1242137.0,2013
HTL,1762522.0,2013
HTV,1937231.0,2013
HU1,1452387.0,2013
HU3,1367147.0,2013
HVG,1244823.0,2013
HVX,1724975.0,2013
ICF,2026822.0,2013
IDI,1603100.0,2013
IFS,616926.0,2013
IJC,1438648.0,2013
IMP,1690668.0,2013
ITA,1622678.0,2013
ITC,2096124.0,2013
ITD,2154856.0,2013
JVC,1363920.0,2013
KAC,1454389.0,2013
KBC,1115653.0,2013
KDC,1321760.0,2013
KDH,1664230.0,2013
KHA,2146465.0,2013
KHP,1375319.0,2013
KMR,2135029.0,2013
KSA,1696917.0,2013
KSB,1656768.0,2013
KSH,1760420.0,2013
KSS,1403069.0,2013
KTB,1820063.0,2013
L10,1071999.0,2013
LAF,1017739.0,2013
LBM,1766170.0,2013
LCG,2193652.0,2013
LCM,1522215.0,2013
LGC,1335281.0,2013
LGL,2168458.0,2013
LHG,1714717.0,2013
LIX,1020964.0,2013
LM8,636619.0,2013
LSS,1589519.0,2013
MCG,1612554.0,2013
MCP,1264927.0,2013
MDG,1998442.0,2013
MHC,2362404.0,2013
MPC,698072.0,2013
MSN,964094.0,2013
MTG,2010537.0,2013
NAV,1717465.0,2013
NBB,1601775.0,2013
NHS,1856729.0,2013
NHW,1324669.0,2013
NKG,459778.0,2013
NNC,1098952.0,2013
NSC,1061507.0,2013
NTB,648487.0,2013
NTL,1320876.0,2013
NVN,731372.0,2013
NVT,1916783.0,2013
OPC,1072275.0,2013
PAC,1397105.0,2013
PAN,1339305.0,2013
PDN,1723556.0,2013
PDR,676220.0,2013
PET,1081831.0,2013
PGC,1546824.0,2013
PGD,1117227.0,2013
PHR,1480579.0,2013
PIT,1593665.0,2013
PJT,1795438.0,2013
PNC,1668601.0,2013
PNJ,1192458.0,2013
POM,886013.0,2013
PPC,937807.0,2013
PPI,1621519.0,2013
PTB,1043407.0,2013
PTC,1978672.0,2013
PTK,1806890.0,2013
PTL,1768136.0,2013
PVD,983771.0,2013
PVT,1185352.0,2013
PXI,1829956.0,2013
PXL,2228040.0,2013
PXM,542588.0,2013
PXS,1073960.0,2013
PXT,1537790.0,2013
QCG,1126969.0,2013
RAL,1171817.0,2013
RDP,1427226.0,2013
REE,1674107.0,2013
RIC,2526777.0,2013
SAM,2300007.0,2013
SAV,1840958.0,2013
SBA,1088721.0,2013
SBC,1518610.0,2013
SBT,1412135.0,2013
SC5,671164.0,2013
SCD,1773173.0,2013
SEC,923860.0,2013
SFC,1530508.0,2013
SFI,1642791.0,2013
SGT,1500507.0,2013
SHI,1424124.0,2013
SII,1613990.0,2013
SJD,1484535.0,2013
SJS,844744.0,2013
SMA,705960.0,2013
SMC,1185778.0,2013
SPM,1759855.0,2013
SRC,1219607.0,2013
SRF,1297578.0,2013
SSC,984068.0,2013
ST8,2066115.0,2013
STG,1543212.0,2013
STT,1708795.0,2013
SVC,1610811.0,2013
SVI,945502.0,2013
SVT,1694474.0,2013
SZL,1532876.0,2013
TAC,971736.0,2013
TBC,1590970.0,2013
TCL,1250205.0,2013
TCM,1495958.0,2013
TCO,1652221.0,2013
TCR,1781712.0,2013
TDC,1253275.0,2013
TDH,2330074.0,2013
TDW,1136179.0,2013
THG,1707390.0,2013
TIC,1770172.0,2013
TIE,2372074.0,2013
TIX,1389997.0,2013
TLG,1420064.0,2013
TLH,1768058.0,2013
TMP,1360397.0,2013
TMS,2006518.0,2013
TMT,1674536.0,2013
TNA,1641913.0,2013
TNC,1487356.0,2013
TNT,2192497.0,2013
TPC,1488814.0,2013
TRA,994824.0,2013
TRC,1499348.0,2013
TS4,1466045.0,2013
TSC,1118767.0,2013
TTF,1516949.0,2013
TTP,1515756.0,2013
TV1,664164.0,2013
TYA,1691252.0,2013
UDC,1362236.0,2013
UIC,1718972.0,2013
VCF,938143.0,2013
VES,1305719.0,2013
VFG,1664563.0,2013
VHC,1481305.0,2013
VHG,2358770.0,2013
VIC,1009483.0,2013
VID,1585599.0,2013
VIP,1581933.0,2013
VIS,761506.0,2013
VLF,1047762.0,2013
VMD,766385.0,2013
VNA,1078580.0,2013
VNE,1140369.0,2013
VNG,2169266.0,2013
VNH,2018686.0,2013
VNI,1145568.0,2013
VNL,1755095.0,2013
VNM,1035680.0,2013
VNS,1272604.0,2013
VOS,1037092.0,2013
VPH,1639854.0,2013
VPK,1165995.0,2013
VRC,1872501.0,2013
VSC,1304626.0,2013
VSG,471500.0,2013
VSH,1364997.0,2013
VSI,854540.0,2013
VST,882080.0,2013
VTB,2075447.0,2013
VTF,1376128.0,2013
VTO,1244644.0,2013
NOT_INVEST,2623441.0,2012
AAM,1650721.0,2012
ABT,1464813.0,2012
ACC,1473099.0,2012
ACL,1159150.0,2012
AGD,1118115.0,2012
AGF,1740160.0,2012
ALP,2041018.0,2012
ANV,2109077.0,2012
APC,1153617.0,2012
ASM,1345063.0,2012
ASP,1175576.0,2012
ATA,1217534.0,2012
AVF,1256360.0,2012
BAS,1851366.0,2012
BBC,2013009.0,2012
BCE,1593016.0,2012
BCI,1139711.0,2012
BGM,1846657.0,2012
BHS,1125114.0,2012
BMC,1048785.0,2012
BMP,1211523.0,2012
BRC,1569298.0,2012
BT6,1569834.0,2012
BTP,1416131.0,2012
BTT,1698148.0,2012
C21,1961181.0,2012
C47,449064.0,2012
CAD,372483.0,2012
CCI,1362294.0,2012
CCL,1159917.0,2012
CDC,1721437.0,2012
CIG,871426.0,2012
CII,823119.0,2012
CLC,1256469.0,2012
CLG,815944.0,2012
CLW,1565250.0,2012
CMG,1115652.0,2012
CMT,1630083.0,2012
CMV,1022720.0,2012
CMX,1251360.0,2012
CNG,1074942.0,2012
COM,1432473.0,2012
CSG,1974461.0,2012
CSM,1020170.0,2012
CTD,1686185.0,2012
CTI,665648.0,2012
CYC,915522.0,2012
D2D,1483709.0,2012
DAG,1279256.0,2012
DCL,1290118.0,2012
DCT,1287321.0,2012
DDM,594886.0,2012
DHA,2100285.0,2012
DHC,1142784.0,2012
DHG,975421.0,2012
DIC,1400618.0,2012
DIG,1169528.0,2012
DLG,896672.0,2012
DMC,1461998.0,2012
DPM,1460404.0,2012
DPR,1552135.0,2012
DQC,1603460.0,2012
DRC,957755.0,2012
DRH,2465876.0,2012
DSN,1302349.0,2012
DTA,1500035.0,2012
DTL,1282844.0,2012
DTT,2006610.0,2012
DVP,1035776.0,2012
DXG,1989406.0,2012
DXV,693027.0,2012
ELC,1164263.0,2012
EVE,1533139.0,2012
FBT,1454651.0,2012
FDC,1430860.0,2012
FDG,785437.0,2012
FMC,1259466.0,2012
FPT,1026553.0,2012
GDT,1340582.0,2012
GIL,1100796.0,2012
GMC,1421098.0,2012
GMD,2105753.0,2012
GSP,1331386.0,2012
GTA,1896686.0,2012
GTT,968689.0,2012
HAG,906265.0,2012
HAI,1668729.0,2012
HAP,2377750.0,2012
HAS,2280042.0,2012
HAX,1419367.0,2012
HBC,1333552.0,2012
HDC,1482240.0,2012
HDG,1308635.0,2012
HHS,1341374.0,2012
HLA,1308568.0,2012
HLG,1112563.0,2012
HMC,1473843.0,2012
HOT,1116718.0,2012
HPG,1051096.0,2012
HQC,1909407.0,2012
HRC,1333912.0,2012
HSG,1136756.0,2012
HSI,1366978.0,2012
HT1,663384.0,2012
HTI,1469843.0,2012
HTL,1439788.0,2012
HTV,2179099.0,2012
HU1,1215849.0,2012
HU3,1250634.0,2012
HVG,1378389.0,2012
HVX,1993216.0,2012
ICF,2084159.0,2012
IDI,1542195.0,2012
IFS,585939.0,2012
IJC,1152056.0,2012
IMP,1697596.0,2012
ITA,1787484.0,2012
ITC,2055188.0,2012
ITD,1915532.0,2012
JVC,951921.0,2012
KAC,983550.0,2012
KBC,1028010.0,2012
KDC,1426889.0,2012
KDH,1286111.0,2012
KHA,2237898.0,2012
KHP,1379729.0,2012
KMR,2112083.0,2012
KSA,1599410.0,2012
KSB,1519753.0,2012
KSH,1387981.0,2012
KSS,1514699.0,2012
KTB,1923688.0,2012
L10,1127994.0,2012
LAF,1144176.0,2012
LBM,1902591.0,2012
LCG,2140735.0,2012
LCM,1064168.0,2012
LGC,1297424.0,2012
LGL,1888943.0,2012
LHG,1441759.0,2012
LIX,1186014.0,2012
LM8,539715.0,2012
LSS,1418823.0,2012
MCG,1369072.0,2012
MCP,1351044.0,2012
MDG,1739211.0,2012
MHC,2230936.0,2012
MKP,1271400.0,2012
MPC,736629.0,2012
MSN,991350.0,2012
MTG,2071410.0,2012
NAV,1826470.0,2012
NBB,1249822.0,2012
NHS,1673766.0,2012
NHW,1285325.0,2012
NKG,739282.0,2012
NNC,1163677.0,2012
NSC,1093002.0,2012
NTB,742687.0,2012
NTL,1082948.0,2012
NVN,845247.0,2012
NVT,1837244.0,2012
OPC,1186642.0,2012
PAC,1299130.0,2012
PAN,1746899.0,2012
PDN,1605492.0,2012
PDR,782677.0,2012
PET,1214255.0,2012
PGC,1993550.0,2012
PGD,1086088.0,2012
PHR,1520179.0,2012
PHT,1817375.0,2012
PIT,1641595.0,2012
PJT,1838586.0,2012
PNC,1730715.0,2012
PNJ,938517.0,2012
POM,912703.0,2012
PPC,817112.0,2012
PPI,1654520.0,2012
PTB,1217647.0,2012
PTC,2093301.0,2012
PTL,1706752.0,2012
PVD,892291.0,2012
PVT,1038464.0,2012
PXI,1434324.0,2012
PXL,2119462.0,2012
PXM,1202754.0,2012
PXS,883406.0,2012
PXT,1534874.0,2012
QCG,1037893.0,2012
RAL,1207565.0,2012
RDP,1503747.0,2012
REE,1963678.0,2012
RIC,2487255.0,2012
SAM,2489684.0,2012
SAV,1801910.0,2012
SBA,1173688.0,2012
SBC,1361517.0,2012
SBT,1547801.0,2012
SC5,715631.0,2012
SCD,1763607.0,2012
SEC,931780.0,2012
SFC,1595676.0,2012
SFI,1795628.0,2012
SGT,1691883.0,2012
SHI,1457675.0,2012
SJD,1491128.0,2012
SJS,1024615.0,2012
SMA,622752.0,2012
SMC,1455057.0,2012
SPM,1668186.0,2012
SRC,1214163.0,2012
SRF,1406811.0,2012
SSC,978902.0,2012
ST8,1916056.0,2012
STG,1199410.0,2012
STT,2003837.0,2012
SVC,1648549.0,2012
SVI,1032696.0,2012
SVT,1976280.0,2012
SZL,1645783.0,2012
TAC,882867.0,2012
TBC,1623345.0,2012
TCL,1321419.0,2012
TCM,1450843.0,2012
TCO,1595982.0,2012
TCR,1771026.0,2012
TDC,1283961.0,2012
TDH,2212074.0,2012
TDW,988442.0,2012
THG,1279973.0,2012
TIC,1886633.0,2012
TIE,2513158.0,2012
TIX,1372057.0,2012
TLG,1716361.0,2012
TLH,1942628.0,2012
TMP,1417257.0,2012
TMS,1757940.0,2012
TMT,1770887.0,2012
TNA,1606116.0,2012
TNC,1569416.0,2012
TNT,2031780.0,2012
TPC,1313012.0,2012
TRA,1025265.0,2012
TRC,1522473.0,2012
TRI,782188.0,2012
TS4,1453667.0,2012
TSC,1109859.0,2012
TTF,1533250.0,2012
TTP,1355092.0,2012
TV1,709077.0,2012
TYA,1571118.0,2012
UDC,1344004.0,2012
UIC,1563300.0,2012
VCF,934728.0,2012
VES,1666468.0,2012
VFC,1966430.0,2012
VFG,1748749.0,2012
VHC,1094586.0,2012
VHG,2367277.0,2012
VIC,1013266.0,2012
VID,1665864.0,2012
VIP,1554210.0,2012
VIS,1308596.0,2012
VKP,366018.0,2012
VLF,1188333.0,2012
VMD,686537.0,2012
VNA,1078800.0,2012
VNE,992937.0,2012
VNG,2117321.0,2012
VNH,1855840.0,2012
VNI,1298862.0,2012
VNL,1692103.0,2012
VNM,1059454.0,2012
VNS,1235951.0,2012
VOS,1042428.0,2012
VPH,1017120.0,2012
VPK,1655450.0,2012
VRC,1764269.0,2012
VSC,1581447.0,2012
VSG,737727.0,2012
VSH,1307202.0,2012
VSI,837921.0,2012
VST,812792.0,2012
VTB,1949960.0,2012
VTF,1364967.0,2012
VTO,1170603.0,2012
NOT_INVEST,2589782.0,2011
AAM,1742428.0,2011
ABT,1438642.0,2011
ACL,1076211.0,2011
AGD,1156174.0,2011
AGF,1862352.0,2011
ALP,1880658.0,2011
ANV,2032490.0,2011
APC,1579532.0,2011
ASM,1460184.0,2011
ASP,971284.0,2011
ATA,743402.0,2011
AVF,1002239.0,2011
BAS,1672903.0,2011
BBC,2048625.0,2011
BCE,1172660.0,2011
BCI,1098256.0,2011
BHS,1242261.0,2011
BMC,970612.0,2011
BMP,1169934.0,2011
BT6,2047367.0,2011
BTP,1153315.0,2011
BTT,1901037.0,2011
C47,554870.0,2011
CAD,859052.0,2011
CCI,1280603.0,2011
CCL,1025881.0,2011
CDC,1224339.0,2011
CII,1007535.0,2011
CLC,1110572.0,2011
CLG,1187162.0,2011
CLW,1895083.0,2011
CMG,910912.0,2011
CMT,1158582.0,2011
CMV,984503.0,2011
CMX,1080419.0,2011
COM,1334570.0,2011
CSG,2088039.0,2011
CSM,1276817.0,2011
CTD,1552893.0,2011
CTI,805345.0,2011
CYC,827687.0,2011
D2D,1298901.0,2011
DAG,1036665.0,2011
DCC,1348107.0,2011
DCL,1176918.0,2011
DCT,1310417.0,2011
DDM,553774.0,2011
DHA,1954924.0,2011
DHC,1277551.0,2011
DHG,1051995.0,2011
DIC,1353953.0,2011
DIG,1460453.0,2011
DLG,976980.0,2011
DMC,1837933.0,2011
DPM,1204198.0,2011
DPR,1168955.0,2011
DQC,1446178.0,2011
DRC,1223491.0,2011
DRH,2424133.0,2011
DSN,1419023.0,2011
DTA,1456644.0,2011
DTL,1207794.0,2011
DTT,1863527.0,2011
DVD,1843436.0,2011
DVP,1039845.0,2011
DXG,1230934.0,2011
DXV,583393.0,2011
ELC,1084999.0,2011
EVE,1406490.0,2011
FBT,1011208.0,2011
FDC,1404154.0,2011
FMC,1570870.0,2011
FPC,2212159.0,2011
FPT,881115.0,2011
GDT,1285091.0,2011
GIL,1748829.0,2011
GMC,1419840.0,2011
GMD,1986387.0,2011
GTA,1906231.0,2011
GTT,993579.0,2011
HAG,907404.0,2011
HAI,1533117.0,2011
HAP,2294544.0,2011
HAS,2107557.0,2011
HAX,1299994.0,2011
HBC,1397591.0,2011
HDC,1256049.0,2011
HDG,972938.0,2011
HLA,1083902.0,2011
HLG,1134610.0,2011
HMC,1348620.0,2011
HPG,979023.0,2011
HQC,725168.0,2011
HRC,1112411.0,2011
HSG,1288419.0,2011
HSI,1385529.0,2011
HT1,540573.0,2011
HTI,1183565.0,2011
HTL,1264566.0,2011
HTV,1997706.0,2011
HU3,852924.0,2011
HVG,1483970.0,2011
HVX,1843374.0,2011
ICF,1897479.0,2011
IFS,901836.0,2011
IJC,624793.0,2011
IMP,1673485.0,2011
ITA,1735186.0,2011
ITC,1904997.0,2011
KAC,970277.0,2011
KBC,961357.0,2011
KDC,1537759.0,2011
KDH,836785.0,2011
KHA,2148455.0,2011
KHP,1141450.0,2011
KMR,1946762.0,2011
KSA,1269920.0,2011
KSB,1265164.0,2011
KSH,988532.0,2011
KSS,987748.0,2011
KTB,1415820.0,2011
L10,709889.0,2011
LAF,1487968.0,2011
LBM,1803520.0,2011
LCG,1777291.0,2011
LGC,868606.0,2011
LGL,1534065.0,2011
LHG,934769.0,2011
LIX,1022853.0,2011
LM8,641335.0,2011
LSS,1511760.0,2011
MCG,892301.0,2011
MCP,1566527.0,2011
MCV,1498219.0,2011
MDG,1659893.0,2011
MHC,1258953.0,2011
MKP,1455378.0,2011
MPC,825616.0,2011
MSN,932927.0,2011
MTG,1930691.0,2011
NAV,1802942.0,2011
NBB,696538.0,2011
NHS,1345139.0,2011
NHW,886675.0,2011
NKG,736226.0,2011
NNC,1120111.0,2011
NSC,1353095.0,2011
NTB,631799.0,2011
NTL,1145630.0,2011
NVN,630569.0,2011
NVT,1731605.0,2011
OPC,1607220.0,2011
PAC,849662.0,2011
PAN,1893735.0,2011
PDR,854150.0,2011
PET,1096993.0,2011
PGC,1677408.0,2011
PGD,1002768.0,2011
PHR,1220775.0,2011
PHT,1630421.0,2011
PIT,1470109.0,2011
PJT,1728863.0,2011
PNC,1779382.0,2011
PNJ,1196865.0,2011
POM,793156.0,2011
PPC,873477.0,2011
PPI,1565940.0,2011
PTC,1906973.0,2011
PTL,1491037.0,2011
PVD,794918.0,2011
PVT,784023.0,2011
PXI,1195286.0,2011
PXL,2081355.0,2011
PXM,1375039.0,2011
PXS,1748935.0,2011
PXT,1411643.0,2011
QCG,1088712.0,2011
RAL,1472753.0,2011
RDP,1426620.0,2011
REE,2060508.0,2011
RIC,2307594.0,2011
SAM,2442238.0,2011
SAV,1238048.0,2011
SBA,1033177.0,2011
SBC,1253211.0,2011
SBT,1687390.0,2011
SC5,434173.0,2011
SCD,1208129.0,2011
SEC,885078.0,2011
SFC,1345343.0,2011
SFI,1863269.0,2011
SGT,1445971.0,2011
SHI,1037381.0,2011
SJD,1426336.0,2011
SJS,1118697.0,2011
SMA,537691.0,2011
SMC,1141617.0,2011
SPM,1502400.0,2011
SRC,915931.0,2011
SRF,1501149.0,2011
SSC,1092129.0,2011
ST8,1753350.0,2011
STG,1282154.0,2011
SVC,1530819.0,2011
SZL,2054760.0,2011
TAC,1027631.0,2011
TBC,1627138.0,2011
TCL,1299986.0,2011
TCM,1226983.0,2011
TCR,1982490.0,2011
TDC,1216389.0,2011
TDH,2045019.0,2011
TDW,1106748.0,2011
TIC,1940665.0,2011
TIE,2294359.0,2011
TIX,1021711.0,2011
TLG,1582108.0,2011
TLH,1725124.0,2011
TMP,1351880.0,2011
TMS,1738327.0,2011
TMT,1435771.0,2011
TNA,1621279.0,2011
TNC,1665984.0,2011
TNT,1397286.0,2011
TPC,1945595.0,2011
TRA,1091729.0,2011
TRC,1137050.0,2011
TRI,1001996.0,2011
TS4,1128667.0,2011
TSC,1213331.0,2011
TTF,1429112.0,2011
TTP,1613245.0,2011
TV1,1101040.0,2011
TYA,1184259.0,2011
UDC,1188330.0,2011
UIC,1491015.0,2011
VCF,950372.0,2011
VES,1812526.0,2011
VFC,998622.0,2011
VFG,1606506.0,2011
VHC,1232883.0,2011
VHG,2106989.0,2011
VIC,926689.0,2011
VID,1326138.0,2011
VIP,1119212.0,2011
VIS,1256384.0,2011
VKP,661152.0,2011
VLF,1091748.0,2011
VMD,811544.0,2011
VNA,1052583.0,2011
VNE,904152.0,2011
VNG,1253108.0,2011
VNH,1549924.0,2011
VNI,900485.0,2011
VNL,1617589.0,2011
VNM,1024416.0,2011
VNS,1316077.0,2011
VOS,957952.0,2011
VPH,1054239.0,2011
VPK,1652701.0,2011
VPL,869154.0,2011
VRC,1179274.0,2011
VSC,1392445.0,2011
VSG,976569.0,2011
VSH,1485042.0,2011
VSI,731596.0,2011
VST,844271.0,2011
VTB,1891766.0,2011
VTF,1246780.0,2011
VTO,1042350.0,2011
NOT_INVEST,2018725.0,2010
AAM,1227291.0,2010
ABT,1294021.0,2010
ACL,838377.0,2010
AGD,824185.0,2010
AGF,1428800.0,2010
ALP,1740475.0,2010
ANV,1307085.0,2010
APC,1074800.0,2010
ASM,1110646.0,2010
ASP,958071.0,2010
ATA,659304.0,2010
BAS,989750.0,2010
BBC,1416560.0,2010
BCI,690264.0,2010
BHS,940189.0,2010
BMC,685931.0,2010
BMP,858222.0,2010
BT6,1176110.0,2010
BTP,803078.0,2010
CAD,639174.0,2010
CII,901965.0,2010
CLC,895814.0,2010
CMG,724896.0,2010
CMT,649251.0,2010
COM,1207374.0,2010
CSG,1635610.0,2010
CSM,739909.0,2010
CTD,1155932.0,2010
CTI,809096.0,2010
CYC,1116228.0,2010
D2D,1043677.0,2010
DCC,1470256.0,2010
DCL,798503.0,2010
DCT,1136391.0,2010
DDM,627153.0,2010
DHA,1395874.0,2010
DHC,839549.0,2010
DHG,822614.0,2010
DIC,1175733.0,2010
DIG,811970.0,2010
DMC,1266213.0,2010
DPM,984745.0,2010
DPR,930070.0,2010
DQC,917462.0,2010
DRC,802028.0,2010
DTT,1501894.0,2010
DVD,657921.0,2010
DVP,797617.0,2010
DXG,657560.0,2010
DXV,390495.0,2010
FBT,1095959.0,2010
FDC,1073708.0,2010
FMC,952013.0,2010
FPC,1530488.0,2010
FPT,637684.0,2010
GDT,1037536.0,2010
GIL,1391193.0,2010
GMC,1094917.0,2010
GMD,1376590.0,2010
GTA,1419193.0,2010
HAG,588997.0,2010
HAP,1604575.0,2010
HAS,1574882.0,2010
HAX,1213756.0,2010
HBC,1263463.0,2010
HDC,637562.0,2010
HDG,657703.0,2010
HLA,533988.0,2010
HLG,998827.0,2010
HMC,893470.0,2010
HPG,942065.0,2010
HRC,1335430.0,2010
HSG,655543.0,2010
HSI,938850.0,2010
HT1,513723.0,2010
HT2,635547.0,2010
HTV,1558371.0,2010
HVG,1007598.0,2010
ICF,1470204.0,2010
IFS,728205.0,2010
IMP,1171918.0,2010
ITA,1221736.0,2010
ITC,1054133.0,2010
KBC,702348.0,2010
KDC,1082111.0,2010
KDH,895067.0,2010
KHA,1534899.0,2010
KHP,569531.0,2010
KMR,1404849.0,2010
KSB,1128831.0,2010
KSH,673857.0,2010
KSS,513566.0,2010
L10,725043.0,2010
LAF,925510.0,2010
LBM,1164332.0,2010
LCG,1126654.0,2010
LGC,680998.0,2010
LGL,909609.0,2010
LHG,749281.0,2010
LIX,892799.0,2010
LSS,1246960.0,2010
MCG,408096.0,2010
MCP,1177009.0,2010
MCV,733767.0,2010
MHC,939900.0,2010
MPC,920433.0,2010
MSN,871022.0,2010
MTG,1678338.0,2010
NAV,1268451.0,2010
NBB,503973.0,2010
NHW,783532.0,2010
NKD,1011470.0,2010
NSC,1002831.0,2010
NTL,739722.0,2010
NVN,490454.0,2010
OPC,1194020.0,2010
PAC,747441.0,2010
PET,641477.0,2010
PGC,1056847.0,2010
PGD,800328.0,2010
PHR,942819.0,2010
PHT,956310.0,2010
PIT,1176102.0,2010
PJT,1294926.0,2010
PNC,1274604.0,2010
PNJ,933157.0,2010
PPC,757700.0,2010
PTC,1489415.0,2010
PVD,575632.0,2010
PVT,530778.0,2010
RAL,1099160.0,2010
RDP,1109617.0,2010
REE,1491645.0,2010
RIC,1693051.0,2010
SAM,1740805.0,2010
SAV,1092011.0,2010
SBT,1726108.0,2010
SC5,456735.0,2010
SCD,1264198.0,2010
SEC,919549.0,2010
SFC,759167.0,2010
SFI,1212995.0,2010
SGT,707868.0,2010
SHI,561966.0,2010
SJD,946770.0,2010
SJS,773159.0,2010
SMC,913011.0,2010
SRC,738155.0,2010
SRF,1275745.0,2010
SSC,719308.0,2010
ST8,1380225.0,2010
STG,877791.0,2010
SVC,1220518.0,2010
SZL,1360850.0,2010
TAC,673683.0,2010
TBC,1309301.0,2010
TCL,942846.0,2010
TCM,662387.0,2010
TCR,1409121.0,2010
TDH,1248272.0,2010
TIC,1464455.0,2010
TIE,1558830.0,2010
TIX,779006.0,2010
TLG,1115427.0,2010
TLH,875698.0,2010
TMP,1121731.0,2010
TMS,1541619.0,2010
TMT,819267.0,2010
TNA,1198844.0,2010
TNC,1513691.0,2010
TPC,1543736.0,2010
TRA,984742.0,2010
TRC,836183.0,2010
TRI,629343.0,2010
TS4,613303.0,2010
TSC,780356.0,2010
TTF,1169472.0,2010
TTP,1144919.0,2010
TYA,874025.0,2010
UIC,1095878.0,2010
VFC,1366282.0,2010
VFG,1463897.0,2010
VHC,679815.0,2010
VHG,1504059.0,2010
VIC,607691.0,2010
VID,1190256.0,2010
VIP,718418.0,2010
VIS,546147.0,2010
VKP,663387.0,2010
VNA,730270.0,2010
VNE,568161.0,2010
VNG,1437006.0,2010
VNI,633522.0,2010
VNL,1381955.0,2010
VNM,803919.0,2010
VNS,1102897.0,2010
VPH,591776.0,2010
VPK,1208510.0,2010
VPL,1120993.0,2010
VSC,971765.0,2010
VSG,744662.0,2010
VSH,1257776.0,2010
VST,485145.0,2010
VTB,1480921.0,2010
VTO,647081.0,2010
NOT_INVEST,1566405.0,2009
ABT,1183841.0,2009
ACL,596330.0,2009
AGF,1244617.0,2009
ALP,1366823.0,2009
ALT,1246192.0,2009
ANV,971482.0,2009
ASP,932111.0,2009
BAS,710085.0,2009
BBC,1236669.0,2009
BBT,1164760.0,2009
BCI,721486.0,2009
BHS,580665.0,2009
BMC,525509.0,2009
BMP,873985.0,2009
BT6,596466.0,2009
BTC,562560.0,2009
CAD,592818.0,2009
CAN,980471.0,2009
CII,734005.0,2009
CLC,605960.0,2009
COM,797440.0,2009
CYC,532086.0,2009
DCC,1310654.0,2009
DCL,535426.0,2009
DCT,1274942.0,2009
DDM,514554.0,2009
DHA,1236544.0,2009
DHG,542392.0,2009
DIC,797872.0,2009
DMC,831971.0,2009
DPM,579010.0,2009
DPR,707753.0,2009
DQC,961394.0,2009
DRC,406303.0,2009
DTT,1165182.0,2009
DXP,719165.0,2009
DXV,416428.0,2009
FBT,865611.0,2009
FMC,1057412.0,2009
FPC,1317226.0,2009
FPT,566144.0,2009
GIL,1180102.0,2009
GMC,1149516.0,2009
GMD,1058242.0,2009
GTA,1080703.0,2009
HAG,496814.0,2009
HAP,1132363.0,2009
HAS,1257709.0,2009
HAX,931330.0,2009
HBC,937820.0,2009
HBD,855920.0,2009
HDC,353273.0,2009
HLA,567088.0,2009
HMC,814552.0,2009
HPG,754717.0,2009
HRC,873582.0,2009
HSG,709540.0,2009
HSI,571837.0,2009
HT1,281094.0,2009
HT2,464348.0,2009
HTV,1276709.0,2009
ICF,1015048.0,2009
IFS,690224.0,2009
IMP,819059.0,2009
ITA,1135288.0,2009
KDC,1123948.0,2009
KHA,1098934.0,2009
KHP,472683.0,2009
KMR,1260718.0,2009
KSH,782058.0,2009
L10,736422.0,2009
LAF,914442.0,2009
LBM,587501.0,2009
LCG,803238.0,2009
LGC,531554.0,2009
LSS,1149636.0,2009
MCP,786307.0,2009
MCV,818564.0,2009
MHC,808677.0,2009
MPC,684812.0,2009
MTG,1441409.0,2009
NAV,1106084.0,2009
NBB,584860.0,2009
NHC,767461.0,2009
NKD,1038850.0,2009
NSC,697319.0,2009
NTL,476874.0,2009
OPC,951785.0,2009
PAC,588272.0,2009
PET,546296.0,2009
PGC,1122170.0,2009
PIT,872115.0,2009
PJT,874348.0,2009
PMS,810557.0,2009
PNC,1067906.0,2009
PNJ,691023.0,2009
PPC,385985.0,2009
PTC,1153611.0,2009
PVD,458609.0,2009
PVT,404935.0,2009
RAL,872750.0,2009
REE,1046989.0,2009
RIC,1251793.0,2009
SAF,809552.0,2009
SAM,1402796.0,2009
SAV,969172.0,2009
SBT,1399699.0,2009
SC5,306578.0,2009
SCD,1017330.0,2009
SDN,668944.0,2009
SFC,589866.0,2009
SFI,906511.0,2009
SFN,1012861.0,2009
SGC,862974.0,2009
SGH,529703.0,2009
SGT,785093.0,2009
SHC,624511.0,2009
SJ1,1016022.0,2009
SJD,499096.0,2009
SJS,699151.0,2009
SMC,805542.0,2009
SSC,614818.0,2009
ST8,976378.0,2009
SZL,895156.0,2009
TAC,484681.0,2009
TCM,571899.0,2009
TCR,1156170.0,2009
TCT,682476.0,2009
TDH,1055727.0,2009
TMC,928463.0,2009
TMS,949439.0,2009
TNA,1006369.0,2009
TNC,987812.0,2009
TPC,1039915.0,2009
TRA,719453.0,2009
TRC,756120.0,2009
TRI,315616.0,2009
TS4,1015639.0,2009
TSC,446094.0,2009
TTC,899847.0,2009
TTF,1135931.0,2009
TTP,893149.0,2009
TYA,450427.0,2009
UIC,932667.0,2009
UNI,985652.0,2009
VFC,1215516.0,2009
VGP,971339.0,2009
VHC,416150.0,2009
VHG,1235037.0,2009
VIC,545576.0,2009
VID,765673.0,2009
VIP,725394.0,2009
VIS,348267.0,2009
VKP,1077944.0,2009
VNA,792900.0,2009
VNE,375324.0,2009
VNM,607688.0,2009
VNS,1087275.0,2009
VPK,593338.0,2009
VPL,578771.0,2009
VSC,748294.0,2009
VSG,558223.0,2009
VSH,626116.0,2009
VST,380652.0,2009
VTA,509611.0,2009
VTB,1054710.0,2009
VTC,901420.0,2009
VTO,548826.0,2009
NOT_INVEST,1405292.0,2008
ABT,1182344.0,2008
ACL,590771.0,2008
AGF,1169020.0,2008
ALP,1093743.0,2008
ALT,1027685.0,2008
ANV,711560.0,2008
ASP,853827.0,2008
BBC,451789.0,2008
BBT,757453.0,2008
BHS,662345.0,2008
BMC,406039.0,2008
BMP,645911.0,2008
BT6,518755.0,2008
BTC,301572.0,2008
CAN,890814.0,2008
CII,695279.0,2008
CLC,462256.0,2008
COM,917524.0,2008
CYC,750342.0,2008
DCC,869851.0,2008
DCT,1042975.0,2008
DHA,1029549.0,2008
DHG,478589.0,2008
DIC,803032.0,2008
DMC,527348.0,2008
DPM,501108.0,2008
DPR,621991.0,2008
DQC,588103.0,2008
DRC,328434.0,2008
DTT,1108440.0,2008
DXP,689095.0,2008
DXV,449244.0,2008
FBT,572423.0,2008
FMC,858745.0,2008
FPC,1207311.0,2008
FPT,443190.0,2008
GIL,1064033.0,2008
GMC,1008768.0,2008
GMD,942882.0,2008
GTA,771417.0,2008
HAP,859636.0,2008
HAS,893332.0,2008
HAX,366322.0,2008
HBC,764172.0,2008
HBD,734220.0,2008
HDC,207140.0,2008
HMC,674049.0,2008
HPG,601855.0,2008
HRC,666714.0,2008
HSI,458741.0,2008
HT1,354471.0,2008
HTV,1021226.0,2008
ICF,897712.0,2008
IFS,1035138.0,2008
IMP,619557.0,2008
ITA,744946.0,2008
KDC,749142.0,2008
KHA,969796.0,2008
KHP,592920.0,2008
L10,525829.0,2008
LAF,917953.0,2008
LBM,844888.0,2008
LGC,405581.0,2008
LSS,1002168.0,2008
MCP,276711.0,2008
MCV,675302.0,2008
MHC,886686.0,2008
MPC,730854.0,2008
NAV,582543.0,2008
NHC,767946.0,2008
NKD,596283.0,2008
NSC,848413.0,2008
NTL,558288.0,2008
PAC,470126.0,2008
PET,555826.0,2008
PGC,956878.0,2008
PIT,856425.0,2008
PJT,852340.0,2008
PMS,743404.0,2008
PNC,990782.0,2008
PPC,401012.0,2008
PVD,373186.0,2008
PVT,397135.0,2008
RAL,654013.0,2008
REE,937350.0,2008
RIC,1084780.0,2008
SAF,580465.0,2008
SAM,1148924.0,2008
SAV,921852.0,2008
SBT,1166758.0,2008
SC5,246458.0,2008
SCD,1000813.0,2008
SDN,613267.0,2008
SFC,710414.0,2008
SFI,498635.0,2008
SFN,927424.0,2008
SGC,847765.0,2008
SGH,479321.0,2008
SGT,573608.0,2008
SHC,551481.0,2008
SJ1,853156.0,2008
SJD,414943.0,2008
SJS,624252.0,2008
SMC,545238.0,2008
SSC,582247.0,2008
ST8,531667.0,2008
TAC,375562.0,2008
TCM,397315.0,2008
TCR,956301.0,2008
TCT,550240.0,2008
TDH,713428.0,2008
TMC,782291.0,2008
TNA,906928.0,2008
TNC,845041.0,2008
TPC,1193265.0,2008
TRC,545506.0,2008
TRI,332414.0,2008
TS4,802999.0,2008
TSC,463567.0,2008
TTC,517088.0,2008
TTF,922016.0,2008
TTP,699396.0,2008
TYA,558997.0,2008
UIC,806062.0,2008
UNI,374688.0,2008
VFC,600417.0,2008
VGP,1019835.0,2008
VHC,651720.0,2008
VHG,950045.0,2008
VIC,526410.0,2008
VID,838203.0,2008
VIP,451385.0,2008
VIS,226095.0,2008
VNE,283300.0,2008
VNM,496924.0,2008
VPK,703730.0,2008
VPL,462857.0,2008
VSC,673076.0,2008
VSH,691285.0,2008
VTA,478300.0,2008
VTB,835954.0,2008
VTC,595742.0,2008
VTO,447314.0,2008
NOT_INVEST,1019397.0,2007
ABT,495677.0,2007
AGF,633160.0,2007
ALT,173380.0,2007
BBC,689268.0,2007
BBT,713792.0,2007
BHS,557258.0,2007
BMC,349599.0,2007
BMP,405215.0,2007
BT6,558868.0,2007
BTC,449916.0,2007
CAN,529455.0,2007
CII,418138.0,2007
CLC,416071.0,2007
COM,615137.0,2007
CYC,634756.0,2007
DCT,782301.0,2007
DHA,782995.0,2007
DHG,317182.0,2007
DIC,618841.0,2007
DMC,389418.0,2007
DRC,207857.0,2007
DTT,582462.0,2007
DXP,477233.0,2007
FMC,536871.0,2007
FPC,706903.0,2007
FPT,271758.0,2007
GIL,795889.0,2007
GMC,458317.0,2007
GMD,322087.0,2007
HAP,651304.0,2007
HAS,507046.0,2007
HAX,495371.0,2007
HBC,372348.0,2007
HBD,664620.0,2007
HMC,427411.0,2007
HRC,366527.0,2007
HTV,819041.0,2007
IFS,694128.0,2007
IMP,505973.0,2007
ITA,453586.0,2007
KDC,384542.0,2007
KHA,757766.0,2007
KHP,388620.0,2007
LAF,618932.0,2007
LBM,504996.0,2007
LGC,362581.0,2007
MCP,609392.0,2007
MCV,233332.0,2007
MHC,549668.0,2007
NAV,327902.0,2007
NHC,688821.0,2007
NKD,453753.0,2007
NSC,598670.0,2007
PAC,432345.0,2007
PGC,473972.0,2007
PJT,490042.0,2007
PMS,642442.0,2007
PNC,705032.0,2007
PPC,254537.0,2007
PVD,251296.0,2007
RAL,224507.0,2007
REE,410371.0,2007
SAF,586618.0,2007
SAM,372908.0,2007
SAV,694206.0,2007
SCD,537910.0,2007
SDN,472050.0,2007
SFC,530778.0,2007
SFI,464714.0,2007
SFN,637646.0,2007
SGC,635890.0,2007
SGH,487404.0,2007
SHC,433314.0,2007
SJ1,603069.0,2007
SJD,306425.0,2007
SJS,310806.0,2007
SMC,437459.0,2007
SSC,359428.0,2007
TAC,517008.0,2007
TCR,679438.0,2007
TCT,647691.0,2007
TDH,379736.0,2007
TMC,528241.0,2007
TMS,653344.0,2007
TNA,472199.0,2007
TRI,545805.0,2007
TS4,594830.0,2007
TTC,535170.0,2007
TTP,360528.0,2007
TYA,303727.0,2007
UNI,689558.0,2007
VFC,438597.0,2007
VGP,503703.0,2007
VID,426760.0,2007
VIP,352737.0,2007
VIS,118802.0,2007
VNM,376112.0,2007
VPK,537442.0,2007
VSH,426953.0,2007
VTA,193223.0,2007
VTB,487395.0,2007
VTC,481919.0,2007
